<?xml version = '1.0' encoding = 'UTF-8'?>
<Entity class="oracle.dbtools.crest.model.design.logical.Entity" directorySegmentName="seg_0" id="1427CA95-D019-66C9-79AA-88648219A7FA" name="EV_DESEMPEÑO_DC">
<createdBy>Krlos</createdBy>
<createdTime>2025-09-02 22:48:12 UTC</createdTime>
<ownerDesignName>EducaFuturo_relacional</ownerDesignName>
<engineerTo>
<item key="FA0DEE0A-B8BB-5E04-BD79-3427FC140CED" value="true"/>
</engineerTo>
<adequatelyNormalized>NO</adequatelyNormalized>
<expectedVolumes>0</expectedVolumes>
<fwdEngineeringStrategyName>Single Table</fwdEngineeringStrategyName>
<growthPercent>0</growthPercent>
<growthType>Year</growthType>
<maxVolumes>9999999</maxVolumes>
<minVolumes>0</minVolumes>
<normalForm>Third</normalForm>
<attributes itemClass="oracle.dbtools.crest.model.design.logical.Attribute">
<Attribute name="rut_docente" id="C3C9EEBE-F4CE-FB8D-52A4-A73BADBF3F99">
<createdBy>Krlos</createdBy>
<createdTime>2025-09-05 01:19:00 UTC</createdTime>
<generatorID>238E4CA5-5E98-429B-BCB1-B0A0A6480BDD</generatorID>
<ownerDesignName>EducaFuturo_relacional</ownerDesignName>
<engineerTo>
<item key="FA0DEE0A-B8BB-5E04-BD79-3427FC140CED" value="true"/>
</engineerTo>
<referedAttribute>69939FC7-0627-E6B8-7151-224CDBC4322D</referedAttribute>
<useDomainConstraints>false</useDomainConstraints>
<use>1</use>
<logicalDatatype>LOGDT019</logicalDatatype>
<dataTypePrecision>2</dataTypePrecision>
<ownDataTypeParameters>,2,</ownDataTypeParameters>
</Attribute>
<Attribute name="id_contrato" id="84346C02-AEDF-0262-3975-C54215562956">
<createdBy>Krlos</createdBy>
<createdTime>2025-09-05 01:22:56 UTC</createdTime>
<generatorID>238E4CA5-5E98-429B-BCB1-B0A0A6480BDD</generatorID>
<ownerDesignName>EducaFuturo_relacional</ownerDesignName>
<engineerTo>
<item key="FA0DEE0A-B8BB-5E04-BD79-3427FC140CED" value="true"/>
</engineerTo>
<referedAttribute>D8ADD55E-3615-0057-E9C4-89E3D0A5494D</referedAttribute>
<useDomainConstraints>false</useDomainConstraints>
<use>1</use>
<logicalDatatype>LOGDT019</logicalDatatype>
<dataTypePrecision>2</dataTypePrecision>
<ownDataTypeParameters>,2,</ownDataTypeParameters>
</Attribute>
<Attribute name="id_eval" id="B4087640-A69B-47A1-6442-920A0BFCF685">
<createdBy>Krlos</createdBy>
<createdTime>2025-09-05 01:29:18 UTC</createdTime>
<ownerDesignName>EducaFuturo_relacional</ownerDesignName>
<engineerTo>
<item key="FA0DEE0A-B8BB-5E04-BD79-3427FC140CED" value="true"/>
</engineerTo>
<useDomainConstraints>false</useDomainConstraints>
<use>1</use>
<logicalDatatype>LOGDT019</logicalDatatype>
<dataTypePrecision>2</dataTypePrecision>
<dataTypeScale>2</dataTypeScale>
<ownDataTypeParameters>,2,2</ownDataTypeParameters>
</Attribute>
<Attribute name="fecha_ev" id="D6B78D86-0273-E611-232E-1DC512AD82E9">
<createdBy>Krlos</createdBy>
<createdTime>2025-09-05 01:29:38 UTC</createdTime>
<ownerDesignName>EducaFuturo_relacional</ownerDesignName>
<engineerTo>
<item key="FA0DEE0A-B8BB-5E04-BD79-3427FC140CED" value="true"/>
</engineerTo>
<useDomainConstraints>false</useDomainConstraints>
<use>1</use>
<logicalDatatype>LOGDT007</logicalDatatype>
<ownDataTypeParameters>,,</ownDataTypeParameters>
</Attribute>
<Attribute name="ptje_global" id="86B8B863-CA6A-93DD-658F-5DA95020490A">
<createdBy>Krlos</createdBy>
<createdTime>2025-09-05 01:30:08 UTC</createdTime>
<ownerDesignName>EducaFuturo_relacional</ownerDesignName>
<engineerTo>
<item key="FA0DEE0A-B8BB-5E04-BD79-3427FC140CED" value="true"/>
</engineerTo>
<useDomainConstraints>false</useDomainConstraints>
<use>1</use>
<logicalDatatype>LOGDT019</logicalDatatype>
<dataTypePrecision>3</dataTypePrecision>
<dataTypeScale>1</dataTypeScale>
<ownDataTypeParameters>,3,1</ownDataTypeParameters>
</Attribute>
<Attribute name="obs" id="C6E4EEF6-7D51-33F3-4ACA-351990ED538B">
<createdBy>Krlos</createdBy>
<createdTime>2025-09-05 01:30:42 UTC</createdTime>
<ownerDesignName>EducaFuturo_relacional</ownerDesignName>
<engineerTo>
<item key="FA0DEE0A-B8BB-5E04-BD79-3427FC140CED" value="true"/>
</engineerTo>
<useDomainConstraints>false</useDomainConstraints>
<use>1</use>
<logicalDatatype>LOGDT024</logicalDatatype>
<dataTypeSize>300</dataTypeSize>
<ownDataTypeParameters>300,,</ownDataTypeParameters>
</Attribute>
<Attribute name="estado" id="D6775981-E6E4-F6B6-EBEC-1DD09E2644E1">
<createdBy>Krlos</createdBy>
<createdTime>2025-09-05 01:31:05 UTC</createdTime>
<ownerDesignName>EducaFuturo_relacional</ownerDesignName>
<engineerTo>
<item key="FA0DEE0A-B8BB-5E04-BD79-3427FC140CED" value="true"/>
</engineerTo>
<useDomainConstraints>false</useDomainConstraints>
<use>1</use>
<logicalDatatype>LOGDT024</logicalDatatype>
<dataTypeSize>15</dataTypeSize>
<ownDataTypeParameters>15,,</ownDataTypeParameters>
</Attribute>
<Attribute name="rut_estudiante" id="9C71F2EF-1717-76ED-BEF1-FC02C08A33ED">
<createdBy>Krlos</createdBy>
<createdTime>2025-09-05 01:36:32 UTC</createdTime>
<generatorID>D6CF32B9-CC3E-E46C-4063-4F68FA84F596</generatorID>
<ownerDesignName>EducaFuturo_relacional</ownerDesignName>
<engineerTo>
<item key="FA0DEE0A-B8BB-5E04-BD79-3427FC140CED" value="true"/>
</engineerTo>
<referedAttribute>F33091B5-9CF1-DDB8-8F88-ACAF4C0E1FAE</referedAttribute>
<useDomainConstraints>false</useDomainConstraints>
<use>1</use>
<logicalDatatype>LOGDT019</logicalDatatype>
<dataTypePrecision>8</dataTypePrecision>
<ownDataTypeParameters>,8,</ownDataTypeParameters>
</Attribute>
</attributes>
<identifiers itemClass="oracle.dbtools.crest.model.design.logical.CandidateKey">
<identifier id="B5276528-3AF4-EC02-0EBD-89844AC7FCD1" name="EV_DESEMPEÑO_DC PK">
<createdBy>Krlos</createdBy>
<createdTime>2025-09-05 01:29:37 UTC</createdTime>
<ownerDesignName>EducaFuturo_relacional</ownerDesignName>
<engineerTo>
<item key="FA0DEE0A-B8BB-5E04-BD79-3427FC140CED" value="true"/>
</engineerTo>
<pk>true</pk>
<usedAttributes>
<attributeRef>B4087640-A69B-47A1-6442-920A0BFCF685</attributeRef>
</usedAttributes>
</identifier>
</identifiers>
</Entity>