<?xml version = '1.0' encoding = 'UTF-8'?>
<Entity class="oracle.dbtools.crest.model.design.logical.Entity" directorySegmentName="seg_0" id="B0A71ED5-B883-E86D-AE95-1CACB9B2B926" name="ASIGNACION_BECA">
<createdBy>Krlos</createdBy>
<createdTime>2025-09-05 00:42:10 UTC</createdTime>
<ownerDesignName>EducaFuturo_relacional</ownerDesignName>
<engineerTo>
<item key="FA0DEE0A-B8BB-5E04-BD79-3427FC140CED" value="true"/>
</engineerTo>
<adequatelyNormalized>NO</adequatelyNormalized>
<expectedVolumes>0</expectedVolumes>
<fwdEngineeringStrategyName>Single Table</fwdEngineeringStrategyName>
<growthPercent>0</growthPercent>
<growthType>Year</growthType>
<maxVolumes>9999999</maxVolumes>
<minVolumes>0</minVolumes>
<normalForm>Third</normalForm>
<attributes itemClass="oracle.dbtools.crest.model.design.logical.Attribute">
<Attribute name="id_asignacion" id="7201D794-80F3-B07C-1C10-6C970A1540E1">
<createdBy>Krlos</createdBy>
<createdTime>2025-09-05 00:42:46 UTC</createdTime>
<ownerDesignName>EducaFuturo_relacional</ownerDesignName>
<engineerTo>
<item key="FA0DEE0A-B8BB-5E04-BD79-3427FC140CED" value="true"/>
</engineerTo>
<useDomainConstraints>false</useDomainConstraints>
<use>1</use>
<logicalDatatype>LOGDT019</logicalDatatype>
<dataTypePrecision>5</dataTypePrecision>
<dataTypeScale>2</dataTypeScale>
<ownDataTypeParameters>,5,2</ownDataTypeParameters>
</Attribute>
<Attribute name="monto_otorgado" id="0FC53193-397F-05EB-A051-13EE3932993C">
<createdBy>Krlos</createdBy>
<createdTime>2025-09-05 00:43:10 UTC</createdTime>
<ownerDesignName>EducaFuturo_relacional</ownerDesignName>
<engineerTo>
<item key="FA0DEE0A-B8BB-5E04-BD79-3427FC140CED" value="true"/>
</engineerTo>
<useDomainConstraints>false</useDomainConstraints>
<use>1</use>
<logicalDatatype>LOGDT019</logicalDatatype>
<dataTypePrecision>10</dataTypePrecision>
<dataTypeScale>2</dataTypeScale>
<ownDataTypeParameters>,10,2</ownDataTypeParameters>
</Attribute>
<Attribute name="estado" id="7F913D29-7C54-FE0F-C4E4-E6C9930B4FD5">
<createdBy>Krlos</createdBy>
<createdTime>2025-09-05 00:45:32 UTC</createdTime>
<ownerDesignName>EducaFuturo_relacional</ownerDesignName>
<engineerTo>
<item key="FA0DEE0A-B8BB-5E04-BD79-3427FC140CED" value="true"/>
</engineerTo>
<useDomainConstraints>false</useDomainConstraints>
<use>1</use>
<logicalDatatype>LOGDT024</logicalDatatype>
<dataTypeSize>20</dataTypeSize>
<ownDataTypeParameters>20,,</ownDataTypeParameters>
</Attribute>
<Attribute name="fecha_asignacion" id="94D457F5-8809-48D3-AAD4-A36D91E515DB">
<createdBy>Krlos</createdBy>
<createdTime>2025-09-05 00:46:10 UTC</createdTime>
<ownerDesignName>EducaFuturo_relacional</ownerDesignName>
<engineerTo>
<item key="FA0DEE0A-B8BB-5E04-BD79-3427FC140CED" value="true"/>
</engineerTo>
<useDomainConstraints>false</useDomainConstraints>
<use>1</use>
<logicalDatatype>LOGDT007</logicalDatatype>
<ownDataTypeParameters>,,</ownDataTypeParameters>
</Attribute>
<Attribute name="id_beca" id="9AA712D7-55F9-90EB-E297-810627B20C7C">
<createdBy>Krlos</createdBy>
<createdTime>2025-09-05 00:53:12 UTC</createdTime>
<generatorID>CA0F6DDE-87B2-0247-BE88-1D97FE906E52</generatorID>
<ownerDesignName>EducaFuturo_relacional</ownerDesignName>
<engineerTo>
<item key="FA0DEE0A-B8BB-5E04-BD79-3427FC140CED" value="true"/>
</engineerTo>
<referedAttribute>3DCD813D-9D47-027B-2700-EFA615005250</referedAttribute>
<useDomainConstraints>false</useDomainConstraints>
<use>1</use>
<logicalDatatype>LOGDT019</logicalDatatype>
<dataTypePrecision>10</dataTypePrecision>
<dataTypeScale>2</dataTypeScale>
<ownDataTypeParameters>,10,2</ownDataTypeParameters>
</Attribute>
<Attribute name="id_periodo" id="64B3EFE9-E04B-5598-AEBD-9E575001AD97">
<createdBy>Krlos</createdBy>
<createdTime>2025-09-05 00:56:31 UTC</createdTime>
<generatorID>809CDF1A-A6DE-9029-C86D-0F4C2F9510F7</generatorID>
<ownerDesignName>EducaFuturo_relacional</ownerDesignName>
<engineerTo>
<item key="FA0DEE0A-B8BB-5E04-BD79-3427FC140CED" value="true"/>
</engineerTo>
<referedAttribute>76295747-5BDD-5DA7-F427-45C35554315C</referedAttribute>
<useDomainConstraints>false</useDomainConstraints>
<use>1</use>
<logicalDatatype>LOGDT019</logicalDatatype>
<dataTypePrecision>2</dataTypePrecision>
<dataTypeScale>2</dataTypeScale>
<ownDataTypeParameters>,2,2</ownDataTypeParameters>
</Attribute>
</attributes>
<identifiers itemClass="oracle.dbtools.crest.model.design.logical.CandidateKey">
<identifier id="3DB706E4-3BF4-1485-1642-40ACC1AC1F00" name="ASIGNACION_BECA PK">
<createdBy>Krlos</createdBy>
<createdTime>2025-09-05 00:43:04 UTC</createdTime>
<ownerDesignName>EducaFuturo_relacional</ownerDesignName>
<engineerTo>
<item key="FA0DEE0A-B8BB-5E04-BD79-3427FC140CED" value="true"/>
</engineerTo>
<pk>true</pk>
<usedAttributes>
<attributeRef>7201D794-80F3-B07C-1C10-6C970A1540E1</attributeRef>
</usedAttributes>
</identifier>
</identifiers>
</Entity>