<?xml version = '1.0' encoding = 'UTF-8'?>
<Entity class="oracle.dbtools.crest.model.design.logical.Entity" directorySegmentName="seg_0" id="C629A0CE-4C66-EEC6-6E2A-09177848ED9E" name="CLASE">
<createdBy>Krlos</createdBy>
<createdTime>2025-09-02 23:34:51 UTC</createdTime>
<ownerDesignName>EducaFuturo_relacional</ownerDesignName>
<engineerTo>
<item key="FA0DEE0A-B8BB-5E04-BD79-3427FC140CED" value="true"/>
</engineerTo>
<adequatelyNormalized>NO</adequatelyNormalized>
<expectedVolumes>0</expectedVolumes>
<fwdEngineeringStrategyName>Single Table</fwdEngineeringStrategyName>
<growthPercent>0</growthPercent>
<growthType>Year</growthType>
<maxVolumes>9999999</maxVolumes>
<minVolumes>0</minVolumes>
<normalForm>Third</normalForm>
<attributes itemClass="oracle.dbtools.crest.model.design.logical.Attribute">
<Attribute name="id_seccion" id="8FDDF1CE-9B9A-B7D0-D005-F4CA022119A4">
<createdBy>Krlos</createdBy>
<createdTime>2025-09-05 01:14:07 UTC</createdTime>
<generatorID>B9EA7089-E57E-A4B9-FABE-54870D6B6E7E</generatorID>
<ownerDesignName>EducaFuturo_relacional</ownerDesignName>
<engineerTo>
<item key="FA0DEE0A-B8BB-5E04-BD79-3427FC140CED" value="true"/>
</engineerTo>
<referedAttribute>49D4F0D4-5FAA-7520-7C11-02B556665661</referedAttribute>
<useDomainConstraints>false</useDomainConstraints>
<use>1</use>
<logicalDatatype>LOGDT019</logicalDatatype>
<dataTypePrecision>2</dataTypePrecision>
<ownDataTypeParameters>,2,</ownDataTypeParameters>
</Attribute>
<Attribute name="id_clase" id="E5829586-8AE3-8B79-F883-EAFE2D35B4C4">
<createdBy>Krlos</createdBy>
<createdTime>2025-09-05 01:14:40 UTC</createdTime>
<ownerDesignName>EducaFuturo_relacional</ownerDesignName>
<engineerTo>
<item key="FA0DEE0A-B8BB-5E04-BD79-3427FC140CED" value="true"/>
</engineerTo>
<useDomainConstraints>false</useDomainConstraints>
<use>1</use>
<logicalDatatype>LOGDT019</logicalDatatype>
<dataTypePrecision>2</dataTypePrecision>
<ownDataTypeParameters>,2,</ownDataTypeParameters>
</Attribute>
<Attribute name="codigo" id="E6CAAA30-2F3B-51F0-DE1F-02BDB66FD2B5">
<createdBy>Krlos</createdBy>
<createdTime>2025-09-05 01:14:51 UTC</createdTime>
<ownerDesignName>EducaFuturo_relacional</ownerDesignName>
<engineerTo>
<item key="FA0DEE0A-B8BB-5E04-BD79-3427FC140CED" value="true"/>
</engineerTo>
<useDomainConstraints>false</useDomainConstraints>
<use>1</use>
<logicalDatatype>LOGDT024</logicalDatatype>
<dataTypeSize>10</dataTypeSize>
<ownDataTypeParameters>10,,</ownDataTypeParameters>
</Attribute>
<Attribute name="nombre" id="5E6BF5CD-3BA4-14D8-B977-76ECE1C4166E">
<createdBy>Krlos</createdBy>
<createdTime>2025-09-05 01:15:26 UTC</createdTime>
<ownerDesignName>EducaFuturo_relacional</ownerDesignName>
<engineerTo>
<item key="FA0DEE0A-B8BB-5E04-BD79-3427FC140CED" value="true"/>
</engineerTo>
<useDomainConstraints>false</useDomainConstraints>
<use>1</use>
<logicalDatatype>LOGDT024</logicalDatatype>
<dataTypeSize>100</dataTypeSize>
<ownDataTypeParameters>100,,</ownDataTypeParameters>
</Attribute>
<Attribute name="creditos" id="91933520-BBA9-B4F8-5284-E94AD414E064">
<createdBy>Krlos</createdBy>
<createdTime>2025-09-05 01:15:52 UTC</createdTime>
<ownerDesignName>EducaFuturo_relacional</ownerDesignName>
<engineerTo>
<item key="FA0DEE0A-B8BB-5E04-BD79-3427FC140CED" value="true"/>
</engineerTo>
<useDomainConstraints>false</useDomainConstraints>
<use>1</use>
<logicalDatatype>LOGDT019</logicalDatatype>
<dataTypePrecision>2</dataTypePrecision>
<ownDataTypeParameters>,2,</ownDataTypeParameters>
</Attribute>
<Attribute name="horas_semanales" id="1056CBED-0E23-DFD9-7F38-635E55315D88">
<createdBy>Krlos</createdBy>
<createdTime>2025-09-05 01:16:04 UTC</createdTime>
<ownerDesignName>EducaFuturo_relacional</ownerDesignName>
<engineerTo>
<item key="FA0DEE0A-B8BB-5E04-BD79-3427FC140CED" value="true"/>
</engineerTo>
<useDomainConstraints>false</useDomainConstraints>
<use>1</use>
<logicalDatatype>LOGDT019</logicalDatatype>
<dataTypePrecision>2</dataTypePrecision>
<ownDataTypeParameters>,2,</ownDataTypeParameters>
</Attribute>
<Attribute name="estado" id="C4EC24F4-793F-1629-EE55-B24A40272670">
<createdBy>Krlos</createdBy>
<createdTime>2025-09-05 01:16:19 UTC</createdTime>
<ownerDesignName>EducaFuturo_relacional</ownerDesignName>
<engineerTo>
<item key="FA0DEE0A-B8BB-5E04-BD79-3427FC140CED" value="true"/>
</engineerTo>
<useDomainConstraints>false</useDomainConstraints>
<use>1</use>
<logicalDatatype>LOGDT024</logicalDatatype>
<dataTypeSize>15</dataTypeSize>
<ownDataTypeParameters>15,,</ownDataTypeParameters>
</Attribute>
<Attribute name="rut_docente" id="A408D7A5-0F3D-7C3D-8B3B-BAB83BE83D3F">
<createdBy>Krlos</createdBy>
<createdTime>2025-09-05 01:19:00 UTC</createdTime>
<generatorID>CB3FB4D1-987F-0928-A1EF-B0FE496BC018</generatorID>
<ownerDesignName>EducaFuturo_relacional</ownerDesignName>
<engineerTo>
<item key="FA0DEE0A-B8BB-5E04-BD79-3427FC140CED" value="true"/>
</engineerTo>
<referedAttribute>69939FC7-0627-E6B8-7151-224CDBC4322D</referedAttribute>
<useDomainConstraints>false</useDomainConstraints>
<use>1</use>
<logicalDatatype>LOGDT019</logicalDatatype>
<dataTypePrecision>2</dataTypePrecision>
<ownDataTypeParameters>,2,</ownDataTypeParameters>
</Attribute>
<Attribute name="id_contrato" id="92538B2C-4960-D2F7-2300-94C6E914AEF0">
<createdBy>Krlos</createdBy>
<createdTime>2025-09-05 01:22:56 UTC</createdTime>
<generatorID>CB3FB4D1-987F-0928-A1EF-B0FE496BC018</generatorID>
<ownerDesignName>EducaFuturo_relacional</ownerDesignName>
<engineerTo>
<item key="FA0DEE0A-B8BB-5E04-BD79-3427FC140CED" value="true"/>
</engineerTo>
<referedAttribute>D8ADD55E-3615-0057-E9C4-89E3D0A5494D</referedAttribute>
<useDomainConstraints>false</useDomainConstraints>
<use>1</use>
<logicalDatatype>LOGDT019</logicalDatatype>
<dataTypePrecision>2</dataTypePrecision>
<ownDataTypeParameters>,2,</ownDataTypeParameters>
</Attribute>
<Attribute name="id_asistencia" id="2ED9D295-CF90-7888-2A63-68562B1DF30F">
<createdBy>Krlos</createdBy>
<createdTime>2025-09-05 01:38:46 UTC</createdTime>
<generatorID>686D875E-DB3C-38D5-1021-F394C44B2280</generatorID>
<ownerDesignName>EducaFuturo_relacional</ownerDesignName>
<engineerTo>
<item key="FA0DEE0A-B8BB-5E04-BD79-3427FC140CED" value="true"/>
</engineerTo>
<referedAttribute>C687B778-5286-CE28-A30A-DDB5ECA31F25</referedAttribute>
<useDomainConstraints>false</useDomainConstraints>
<use>1</use>
<logicalDatatype>LOGDT019</logicalDatatype>
<dataTypePrecision>2</dataTypePrecision>
<ownDataTypeParameters>,2,</ownDataTypeParameters>
</Attribute>
</attributes>
<identifiers itemClass="oracle.dbtools.crest.model.design.logical.CandidateKey">
<identifier id="8E8EEB06-54B1-1C61-08ED-680AB3C2A8C3" name="CLASE PK">
<createdBy>Krlos</createdBy>
<createdTime>2025-09-05 01:14:50 UTC</createdTime>
<ownerDesignName>EducaFuturo_relacional</ownerDesignName>
<engineerTo>
<item key="FA0DEE0A-B8BB-5E04-BD79-3427FC140CED" value="true"/>
</engineerTo>
<pk>true</pk>
<usedAttributes>
<attributeRef>E5829586-8AE3-8B79-F883-EAFE2D35B4C4</attributeRef>
<attributeRef>A408D7A5-0F3D-7C3D-8B3B-BAB83BE83D3F</attributeRef>
<attributeRef>92538B2C-4960-D2F7-2300-94C6E914AEF0</attributeRef>
</usedAttributes>
</identifier>
</identifiers>
</Entity>