<?xml version = '1.0' encoding = 'UTF-8'?>
<Entity class="oracle.dbtools.crest.model.design.logical.Entity" directorySegmentName="seg_0" id="E6B3AA72-9CBC-A711-E0A6-4793518FC731" name="SECCION">
<createdBy>Krlos</createdBy>
<createdTime>2025-09-02 22:53:39 UTC</createdTime>
<ownerDesignName>EducaFuturo_relacional</ownerDesignName>
<engineerTo>
<item key="FA0DEE0A-B8BB-5E04-BD79-3427FC140CED" value="true"/>
</engineerTo>
<adequatelyNormalized>NO</adequatelyNormalized>
<expectedVolumes>0</expectedVolumes>
<fwdEngineeringStrategyName>Single Table</fwdEngineeringStrategyName>
<growthPercent>0</growthPercent>
<growthType>Year</growthType>
<maxVolumes>9999999</maxVolumes>
<minVolumes>0</minVolumes>
<normalForm>Third</normalForm>
<attributes itemClass="oracle.dbtools.crest.model.design.logical.Attribute">
<Attribute name="id_carrera" id="1A2C9897-A77E-4875-7FA1-0C98DD354D4D">
<createdBy>Krlos</createdBy>
<createdTime>2025-09-05 01:10:30 UTC</createdTime>
<generatorID>E4E9F201-DA31-7340-01FB-B517629933DA</generatorID>
<ownerDesignName>EducaFuturo_relacional</ownerDesignName>
<engineerTo>
<item key="FA0DEE0A-B8BB-5E04-BD79-3427FC140CED" value="true"/>
</engineerTo>
<referedAttribute>8E816E28-5C11-C6DC-C68D-D7EE76DE44CC</referedAttribute>
<useDomainConstraints>false</useDomainConstraints>
<use>1</use>
<logicalDatatype>LOGDT019</logicalDatatype>
<dataTypePrecision>2</dataTypePrecision>
<dataTypeScale>2</dataTypeScale>
<ownDataTypeParameters>,2,2</ownDataTypeParameters>
</Attribute>
<Attribute name="id_seccion" id="49D4F0D4-5FAA-7520-7C11-02B556665661">
<createdBy>Krlos</createdBy>
<createdTime>2025-09-05 01:12:38 UTC</createdTime>
<ownerDesignName>EducaFuturo_relacional</ownerDesignName>
<engineerTo>
<item key="FA0DEE0A-B8BB-5E04-BD79-3427FC140CED" value="true"/>
</engineerTo>
<useDomainConstraints>false</useDomainConstraints>
<use>1</use>
<logicalDatatype>LOGDT019</logicalDatatype>
<dataTypePrecision>2</dataTypePrecision>
<ownDataTypeParameters>,2,</ownDataTypeParameters>
</Attribute>
<Attribute name="codigo" id="59DF551C-D5EB-B2B6-517A-B544AF727A52">
<createdBy>Krlos</createdBy>
<createdTime>2025-09-05 01:12:51 UTC</createdTime>
<ownerDesignName>EducaFuturo_relacional</ownerDesignName>
<engineerTo>
<item key="FA0DEE0A-B8BB-5E04-BD79-3427FC140CED" value="true"/>
</engineerTo>
<useDomainConstraints>false</useDomainConstraints>
<use>1</use>
<logicalDatatype>LOGDT024</logicalDatatype>
<dataTypeSize>10</dataTypeSize>
<ownDataTypeParameters>10,,</ownDataTypeParameters>
</Attribute>
<Attribute name="capcidad" id="9041F3CC-592D-ADA5-393A-AD52F7D99E2F">
<createdBy>Krlos</createdBy>
<createdTime>2025-09-05 01:13:36 UTC</createdTime>
<ownerDesignName>EducaFuturo_relacional</ownerDesignName>
<engineerTo>
<item key="FA0DEE0A-B8BB-5E04-BD79-3427FC140CED" value="true"/>
</engineerTo>
<useDomainConstraints>false</useDomainConstraints>
<use>1</use>
<logicalDatatype>LOGDT019</logicalDatatype>
<dataTypePrecision>3</dataTypePrecision>
<ownDataTypeParameters>,3,</ownDataTypeParameters>
</Attribute>
<Attribute name="estado" id="533827EB-F24C-1919-1C9A-BE44BF0D431C">
<createdBy>Krlos</createdBy>
<createdTime>2025-09-05 01:13:53 UTC</createdTime>
<ownerDesignName>EducaFuturo_relacional</ownerDesignName>
<engineerTo>
<item key="FA0DEE0A-B8BB-5E04-BD79-3427FC140CED" value="true"/>
</engineerTo>
<useDomainConstraints>false</useDomainConstraints>
<use>1</use>
<logicalDatatype>LOGDT024</logicalDatatype>
<dataTypeSize>15</dataTypeSize>
<ownDataTypeParameters>15,,</ownDataTypeParameters>
</Attribute>
</attributes>
<identifiers itemClass="oracle.dbtools.crest.model.design.logical.CandidateKey">
<identifier id="CDD31ED4-AD34-F04C-C4CB-AC3E9C54B4F3" name="SECCION PK">
<createdBy>Krlos</createdBy>
<createdTime>2025-09-05 01:12:50 UTC</createdTime>
<ownerDesignName>EducaFuturo_relacional</ownerDesignName>
<engineerTo>
<item key="FA0DEE0A-B8BB-5E04-BD79-3427FC140CED" value="true"/>
</engineerTo>
<pk>true</pk>
<usedAttributes>
<attributeRef>49D4F0D4-5FAA-7520-7C11-02B556665661</attributeRef>
</usedAttributes>
</identifier>
</identifiers>
</Entity>