<?xml version = '1.0' encoding = 'UTF-8'?>
<FKIndexAssociation class="oracle.dbtools.crest.model.design.relational.FKIndexAssociation" directorySegmentName="seg_0" id="451C3073-0D96-E2B6-9EFB-1AEF92F2CABC" containerWithKeyObject="7F7094C9-E332-07E6-9005-441BF9CA7D1A" localFKIndex="0A0CE10A-6D5C-5124-1846-9AEA540D6078" name="ASIGNACION_BECA_PERIODO_ACADEMICO_FK">
<createdBy>Krlos</createdBy>
<createdTime>2025-09-05 01:44:14 UTC</createdTime>
<generatorID>809CDF1A-A6DE-9029-C86D-0F4C2F9510F7</generatorID>
<ownerDesignName>EducaFuturo</ownerDesignName>
<referredTableLongName>PERIODO_ACADEMICO</referredTableLongName>
<deleteRule>NO ACTION</deleteRule>
<referredTableID>A9E1A7F8-C838-542A-6C54-D94655E7FE07</referredTableID>
<keyObject>EB90AB5D-4D2B-DDA9-86D7-C4A0F112E39B</keyObject>
<referredKeyID>EB90AB5D-4D2B-DDA9-86D7-C4A0F112E39B</referredKeyID>
<mandatory>true</mandatory>
<refColNames>id_periodo</refColNames>
<transferable>true</transferable>
<rely>false</rely>
<columnDependencyConstraintGenerateInDDL>true</columnDependencyConstraintGenerateInDDL>
</FKIndexAssociation>