<?xml version = '1.0' encoding = 'UTF-8'?>
<FKIndexAssociation class="oracle.dbtools.crest.model.design.relational.FKIndexAssociation" directorySegmentName="seg_0" id="4D130B0B-7A6A-A370-387F-E65376BAD5CC" containerWithKeyObject="49340835-1459-67DF-204A-F8B3D238E0CA" localFKIndex="93ED9E22-7FBC-4AEF-58DB-5BA054467564" name="Relation_20_ASISTENCIA_FK">
<createdBy>Krlos</createdBy>
<createdTime>2025-09-05 01:44:14 UTC</createdTime>
<generatorID>97C40B6B-4299-6439-D030-2D6E55567349</generatorID>
<ownerDesignName>EducaFuturo</ownerDesignName>
<referredTableLongName>ASISTENCIA</referredTableLongName>
<deleteRule>NO ACTION</deleteRule>
<referredTableID>32921BCA-0263-76D9-561D-C7CFC34A9B71</referredTableID>
<keyObject>D925F1A1-1D02-292C-CE29-BF7A87B58AB9</keyObject>
<referredKeyID>D925F1A1-1D02-292C-CE29-BF7A87B58AB9</referredKeyID>
<mandatory>true</mandatory>
<refColNames>id_asistencia</refColNames>
<transferable>true</transferable>
<rely>false</rely>
<columnDependencyConstraintGenerateInDDL>true</columnDependencyConstraintGenerateInDDL>
</FKIndexAssociation>