<?xml version = '1.0' encoding = 'UTF-8'?>
<FKIndexAssociation class="oracle.dbtools.crest.model.design.relational.FKIndexAssociation" directorySegmentName="seg_0" id="4E2B6EB7-604E-1F8B-3B2B-8E11343AA118" containerWithKeyObject="8BEF26B9-A0DF-F897-F6D2-373BE9631768" localFKIndex="5861911D-094D-C9E3-590E-6C8054C833D0" name="DOCENTE_CONTRATO_FK">
<createdBy>Krlos</createdBy>
<createdTime>2025-09-05 01:44:14 UTC</createdTime>
<generatorID>4D37CF48-C869-9498-2204-A2DBC7E3154F</generatorID>
<ownerDesignName>EducaFuturo</ownerDesignName>
<referredTableLongName>CONTRATO</referredTableLongName>
<deleteRule>NO ACTION</deleteRule>
<referredTableID>50EA694B-CD87-3B1D-4F6C-C1242CE2436D</referredTableID>
<keyObject>6CF3AA8F-27CF-8199-8FB3-96581366A3B9</keyObject>
<referredKeyID>6CF3AA8F-27CF-8199-8FB3-96581366A3B9</referredKeyID>
<mandatory>true</mandatory>
<refColNames>id_contrato</refColNames>
<transferable>true</transferable>
<rely>false</rely>
<columnDependencyConstraintGenerateInDDL>true</columnDependencyConstraintGenerateInDDL>
</FKIndexAssociation>