<?xml version = '1.0' encoding = 'UTF-8'?>
<FKIndexAssociation class="oracle.dbtools.crest.model.design.relational.FKIndexAssociation" directorySegmentName="seg_0" id="5DEC2A42-B250-8A74-5A4F-E1DC5CA9FD95" containerWithKeyObject="32921BCA-0263-76D9-561D-C7CFC34A9B71" localFKIndex="6A4E036C-EFD9-F1B8-C595-C60FFB59F0B3" name="ASISTENCIA_ESTUDIANTE_FK">
<createdBy>Krlos</createdBy>
<createdTime>2025-09-05 01:44:14 UTC</createdTime>
<generatorID>7D14B4A0-D99A-14AE-1E62-97E25FD22072</generatorID>
<ownerDesignName>EducaFuturo</ownerDesignName>
<referredTableLongName>ESTUDIANTE</referredTableLongName>
<deleteRule>NO ACTION</deleteRule>
<referredTableID>A7BB3AB9-DBE2-9CDE-5D13-447E057B4407</referredTableID>
<keyObject>BF563752-B9E7-00FF-6B30-29A9EDC9E021</keyObject>
<referredKeyID>BF563752-B9E7-00FF-6B30-29A9EDC9E021</referredKeyID>
<mandatory>true</mandatory>
<refColNames>rut_estudiante</refColNames>
<transferable>true</transferable>
<rely>false</rely>
<columnDependencyConstraintGenerateInDDL>true</columnDependencyConstraintGenerateInDDL>
</FKIndexAssociation>