<?xml version = '1.0' encoding = 'UTF-8'?>
<FKIndexAssociation class="oracle.dbtools.crest.model.design.relational.FKIndexAssociation" directorySegmentName="seg_0" id="622BFEAD-D731-5F9B-A5D0-0D00AE7D0160" containerWithKeyObject="4D1794C9-6E5A-1E61-F516-465C0F278698" localFKIndex="851C4BFF-1366-B86F-5B5F-C76DAB096F2E" name="MATRICULA_CARRERA_FK">
<createdBy>Krlos</createdBy>
<createdTime>2025-09-05 01:44:14 UTC</createdTime>
<generatorID>D1118F5D-0549-C70C-BF1C-A8FE2FEAE319</generatorID>
<ownerDesignName>EducaFuturo</ownerDesignName>
<referredTableLongName>CARRERA</referredTableLongName>
<deleteRule>NO ACTION</deleteRule>
<referredTableID>99EC8CC5-E2D8-F110-34A3-9F3EA1A9D714</referredTableID>
<keyObject>240B8932-BBBC-73E0-A1F7-BEFB25F744F5</keyObject>
<referredKeyID>240B8932-BBBC-73E0-A1F7-BEFB25F744F5</referredKeyID>
<mandatory>true</mandatory>
<refColNames>id_carrera</refColNames>
<transferable>true</transferable>
<rely>false</rely>
<columnDependencyConstraintGenerateInDDL>true</columnDependencyConstraintGenerateInDDL>
</FKIndexAssociation>