<?xml version = '1.0' encoding = 'UTF-8'?>
<FKIndexAssociation class="oracle.dbtools.crest.model.design.relational.FKIndexAssociation" directorySegmentName="seg_0" id="7F3AC02F-B719-A58B-AB39-DE7C3EEB504D" containerWithKeyObject="49340835-1459-67DF-204A-F8B3D238E0CA" localFKIndex="0F138A44-3DE5-6BC7-AA39-5D34FD70CC5F" name="Relation_20_REPORTE_FK">
<createdBy>Krlos</createdBy>
<createdTime>2025-09-05 01:44:14 UTC</createdTime>
<generatorID>97C40B6B-4299-6439-D030-2D6E55567349</generatorID>
<ownerDesignName>EducaFuturo</ownerDesignName>
<referredTableLongName>REPORTE</referredTableLongName>
<deleteRule>NO ACTION</deleteRule>
<referredTableID>F2D3082C-8F73-7AAB-5998-1D68BF29382F</referredTableID>
<keyObject>48AE5D56-E3A0-383F-8929-A85CFBF6B36F</keyObject>
<referredKeyID>48AE5D56-E3A0-383F-8929-A85CFBF6B36F</referredKeyID>
<mandatory>true</mandatory>
<refColNames>id_reporte</refColNames>
<transferable>true</transferable>
<rely>false</rely>
<columnDependencyConstraintGenerateInDDL>true</columnDependencyConstraintGenerateInDDL>
</FKIndexAssociation>