<?xml version = '1.0' encoding = 'UTF-8'?>
<FKIndexAssociation class="oracle.dbtools.crest.model.design.relational.FKIndexAssociation" directorySegmentName="seg_0" id="8332F18C-FA86-A9DA-9C1E-57495BCF2C39" containerWithKeyObject="028B373A-CA3A-485A-D354-1804F642839A" localFKIndex="9D99CCC5-9DB4-ADD1-51A8-B2C94510B0F1" name="BECA_ESTUDIANTE_FK">
<createdBy>Krlos</createdBy>
<createdTime>2025-09-05 01:44:14 UTC</createdTime>
<generatorID>90C1C553-E06C-AD40-618E-5EB9ACBBB908</generatorID>
<ownerDesignName>EducaFuturo</ownerDesignName>
<referredTableLongName>ESTUDIANTE</referredTableLongName>
<deleteRule>NO ACTION</deleteRule>
<referredTableID>A7BB3AB9-DBE2-9CDE-5D13-447E057B4407</referredTableID>
<keyObject>BF563752-B9E7-00FF-6B30-29A9EDC9E021</keyObject>
<referredKeyID>BF563752-B9E7-00FF-6B30-29A9EDC9E021</referredKeyID>
<mandatory>true</mandatory>
<refColNames>rut_estudiante</refColNames>
<transferable>true</transferable>
<rely>false</rely>
<columnDependencyConstraintGenerateInDDL>true</columnDependencyConstraintGenerateInDDL>
</FKIndexAssociation>