<?xml version = '1.0' encoding = 'UTF-8'?>
<FKIndexAssociation class="oracle.dbtools.crest.model.design.relational.FKIndexAssociation" directorySegmentName="seg_0" id="A60902D0-FB41-58E6-02A7-D05DD189946E" containerWithKeyObject="777A39CF-33E6-F942-9FA0-6903AB3527CC" localFKIndex="F8D52C5B-62F4-421F-C2B7-B31017C4DDAB" name="PAGO_MATRICULA_FK">
<createdBy>Krlos</createdBy>
<createdTime>2025-09-05 01:44:14 UTC</createdTime>
<generatorID>F7242B57-EAC7-EA3F-92D0-6ABD59F5FD05</generatorID>
<ownerDesignName>EducaFuturo</ownerDesignName>
<referredTableLongName>MATRICULA</referredTableLongName>
<arc>A9E2504B-46B7-EECC-E55B-7C58EEACE1F3</arc>
<deleteRule>NO ACTION</deleteRule>
<referredTableID>4D1794C9-6E5A-1E61-F516-465C0F278698</referredTableID>
<keyObject>6EA81166-D150-8D13-40E5-0F8241C8DA3A</keyObject>
<referredKeyID>6EA81166-D150-8D13-40E5-0F8241C8DA3A</referredKeyID>
<mandatory>false</mandatory>
<refColNames>id_matricula</refColNames>
<transferable>true</transferable>
<rely>false</rely>
<columnDependencyConstraintGenerateInDDL>true</columnDependencyConstraintGenerateInDDL>
</FKIndexAssociation>