<?xml version = '1.0' encoding = 'UTF-8'?>
<FKIndexAssociation class="oracle.dbtools.crest.model.design.relational.FKIndexAssociation" directorySegmentName="seg_0" id="C3570C40-0CFA-5655-3AE8-E3FF84B1D8A8" containerWithKeyObject="6D1DC0A9-33AA-CDDA-E2E9-6E15DE54D2C3" localFKIndex="83C96C25-AE35-F019-2300-99A70ED13564" name="CLASE_SECCION_FK">
<createdBy>Krlos</createdBy>
<createdTime>2025-09-05 01:44:14 UTC</createdTime>
<generatorID>B9EA7089-E57E-A4B9-FABE-54870D6B6E7E</generatorID>
<ownerDesignName>EducaFuturo</ownerDesignName>
<referredTableLongName>SECCION</referredTableLongName>
<deleteRule>NO ACTION</deleteRule>
<referredTableID>E0BD1FF8-29A1-1F74-D06C-AEEAA8386859</referredTableID>
<keyObject>C05B9AF0-44E2-9CE6-00CF-E962E6EEA40D</keyObject>
<referredKeyID>C05B9AF0-44E2-9CE6-00CF-E962E6EEA40D</referredKeyID>
<mandatory>true</mandatory>
<refColNames>id_seccion</refColNames>
<transferable>true</transferable>
<rely>false</rely>
<columnDependencyConstraintGenerateInDDL>true</columnDependencyConstraintGenerateInDDL>
</FKIndexAssociation>