<?xml version = '1.0' encoding = 'UTF-8'?>
<FKIndexAssociation class="oracle.dbtools.crest.model.design.relational.FKIndexAssociation" directorySegmentName="seg_0" id="D68BA097-9433-5D2B-E35C-642BC69B68AB" containerWithKeyObject="777A39CF-33E6-F942-9FA0-6903AB3527CC" localFKIndex="D15DA870-1AFD-E283-5B62-F1476D946E99" name="PAGO_ESTUDIANTE_FK">
<createdBy>Krlos</createdBy>
<createdTime>2025-09-05 01:44:14 UTC</createdTime>
<generatorID>CF0B6519-F79B-4ECA-C297-67BE0D97ECF8</generatorID>
<ownerDesignName>EducaFuturo</ownerDesignName>
<referredTableLongName>ESTUDIANTE</referredTableLongName>
<deleteRule>NO ACTION</deleteRule>
<referredTableID>A7BB3AB9-DBE2-9CDE-5D13-447E057B4407</referredTableID>
<keyObject>BF563752-B9E7-00FF-6B30-29A9EDC9E021</keyObject>
<referredKeyID>BF563752-B9E7-00FF-6B30-29A9EDC9E021</referredKeyID>
<mandatory>true</mandatory>
<refColNames>rut_estudiante</refColNames>
<transferable>true</transferable>
<rely>false</rely>
<columnDependencyConstraintGenerateInDDL>true</columnDependencyConstraintGenerateInDDL>
</FKIndexAssociation>