<?xml version = '1.0' encoding = 'UTF-8'?>
<FKIndexAssociation class="oracle.dbtools.crest.model.design.relational.FKIndexAssociation" directorySegmentName="seg_0" id="E9097A43-EDC9-A385-BB38-A1B328EA5496" containerWithKeyObject="777A39CF-33E6-F942-9FA0-6903AB3527CC" localFKIndex="8051E53A-8999-FFD3-809A-31A3A54B46E8" name="PAGO_ARANCEL_FK">
<createdBy>Krlos</createdBy>
<createdTime>2025-09-05 01:44:14 UTC</createdTime>
<generatorID>B8461B31-942F-64E9-5FBF-8819CD5C2334</generatorID>
<ownerDesignName>EducaFuturo</ownerDesignName>
<referredTableLongName>ARANCEL</referredTableLongName>
<arc>A9E2504B-46B7-EECC-E55B-7C58EEACE1F3</arc>
<deleteRule>NO ACTION</deleteRule>
<referredTableID>C62BD3FD-6BF9-C258-D6DA-04BB5C171172</referredTableID>
<keyObject>3BBB8835-3A31-36D0-A2C6-2D1186284418</keyObject>
<referredKeyID>3BBB8835-3A31-36D0-A2C6-2D1186284418</referredKeyID>
<mandatory>false</mandatory>
<refColNames>id_arancel</refColNames>
<transferable>true</transferable>
<rely>false</rely>
<columnDependencyConstraintGenerateInDDL>true</columnDependencyConstraintGenerateInDDL>
</FKIndexAssociation>