<?xml version = '1.0' encoding = 'UTF-8'?>
<FKIndexAssociation class="oracle.dbtools.crest.model.design.relational.FKIndexAssociation" directorySegmentName="seg_0" id="FFE8F047-227F-9494-5283-F8DF6FD40DF5" containerWithKeyObject="C62BD3FD-6BF9-C258-D6DA-04BB5C171172" localFKIndex="AC14EEC9-BFB5-9D7E-6718-76895F1C741E" name="ARANCEL_PERIODO_ACADEMICO_FK">
<createdBy>Krlos</createdBy>
<createdTime>2025-09-05 01:44:14 UTC</createdTime>
<generatorID>A80DA039-6B5D-E79C-999F-17502930DB1A</generatorID>
<ownerDesignName>EducaFuturo</ownerDesignName>
<referredTableLongName>PERIODO_ACADEMICO</referredTableLongName>
<deleteRule>NO ACTION</deleteRule>
<referredTableID>A9E1A7F8-C838-542A-6C54-D94655E7FE07</referredTableID>
<keyObject>EB90AB5D-4D2B-DDA9-86D7-C4A0F112E39B</keyObject>
<referredKeyID>EB90AB5D-4D2B-DDA9-86D7-C4A0F112E39B</referredKeyID>
<mandatory>true</mandatory>
<refColNames>id_periodo</refColNames>
<transferable>true</transferable>
<rely>false</rely>
<columnDependencyConstraintGenerateInDDL>true</columnDependencyConstraintGenerateInDDL>
</FKIndexAssociation>