<?xml version = '1.0' encoding = 'UTF-8'?>
<Entity class="oracle.dbtools.crest.model.design.logical.Entity" directorySegmentName="seg_0" id="5ADCECF9-0AE3-05B2-6F32-20CB44A4E4C9" name="ASISTENCIA">
<createdBy>Krlos</createdBy>
<createdTime>2025-09-02 22:46:47 UTC</createdTime>
<ownerDesignName>EducaFuturo</ownerDesignName>
<engineerTo>
<item key="FA0DEE0A-B8BB-5E04-BD79-3427FC140CED" value="true"/>
</engineerTo>
<adequatelyNormalized>NO</adequatelyNormalized>
<expectedVolumes>0</expectedVolumes>
<fwdEngineeringStrategyName>Single Table</fwdEngineeringStrategyName>
<growthPercent>0</growthPercent>
<growthType>Year</growthType>
<maxVolumes>9999999</maxVolumes>
<minVolumes>0</minVolumes>
<normalForm>Third</normalForm>
<attributes itemClass="oracle.dbtools.crest.model.design.logical.Attribute">
<Attribute name="id clase" id="C25F5CE6-20F0-6F82-4C4D-321F862DD14D">
<createdBy>Krlos</createdBy>
<createdTime>2025-09-05 01:16:33 UTC</createdTime>
<generatorID>686D875E-DB3C-38D5-1021-F394C44B2280</generatorID>
<ownerDesignName>EducaFuturo</ownerDesignName>
<engineerTo>
<item key="FA0DEE0A-B8BB-5E04-BD79-3427FC140CED" value="true"/>
</engineerTo>
<referedAttribute>E5829586-8AE3-8B79-F883-EAFE2D35B4C4</referedAttribute>
<useDomainConstraints>false</useDomainConstraints>
<use>1</use>
<logicalDatatype>LOGDT019</logicalDatatype>
<dataTypePrecision>2</dataTypePrecision>
<ownDataTypeParameters>,2,</ownDataTypeParameters>
</Attribute>
<Attribute name="rut docente" id="56CD61A4-A357-4709-2741-BBD8FEC40FE7">
<createdBy>Krlos</createdBy>
<createdTime>2025-09-05 01:19:00 UTC</createdTime>
<generatorID>686D875E-DB3C-38D5-1021-F394C44B2280</generatorID>
<ownerDesignName>EducaFuturo</ownerDesignName>
<engineerTo>
<item key="FA0DEE0A-B8BB-5E04-BD79-3427FC140CED" value="true"/>
</engineerTo>
<referedAttribute>A408D7A5-0F3D-7C3D-8B3B-BAB83BE83D3F</referedAttribute>
<useDomainConstraints>false</useDomainConstraints>
<use>1</use>
<logicalDatatype>LOGDT019</logicalDatatype>
<dataTypePrecision>2</dataTypePrecision>
<ownDataTypeParameters>,2,</ownDataTypeParameters>
</Attribute>
<Attribute name="CONTRATO id contrato" id="6546D488-2C00-7EF8-B481-9E34B529DE37">
<createdBy>Krlos</createdBy>
<createdTime>2025-09-05 01:22:56 UTC</createdTime>
<generatorID>686D875E-DB3C-38D5-1021-F394C44B2280</generatorID>
<ownerDesignName>EducaFuturo</ownerDesignName>
<engineerTo>
<item key="FA0DEE0A-B8BB-5E04-BD79-3427FC140CED" value="true"/>
</engineerTo>
<referedAttribute>92538B2C-4960-D2F7-2300-94C6E914AEF0</referedAttribute>
<useDomainConstraints>false</useDomainConstraints>
<use>1</use>
<logicalDatatype>LOGDT019</logicalDatatype>
<dataTypePrecision>2</dataTypePrecision>
<ownDataTypeParameters>,2,</ownDataTypeParameters>
</Attribute>
<Attribute name="rut estudiante" id="CB1EF76A-EFB7-7C52-5FF4-C2B26B69CF6B">
<createdBy>Krlos</createdBy>
<createdTime>2025-09-05 01:36:32 UTC</createdTime>
<generatorID>7D14B4A0-D99A-14AE-1E62-97E25FD22072</generatorID>
<ownerDesignName>EducaFuturo</ownerDesignName>
<engineerTo>
<item key="FA0DEE0A-B8BB-5E04-BD79-3427FC140CED" value="true"/>
</engineerTo>
<referedAttribute>F33091B5-9CF1-DDB8-8F88-ACAF4C0E1FAE</referedAttribute>
<useDomainConstraints>false</useDomainConstraints>
<use>1</use>
<logicalDatatype>LOGDT019</logicalDatatype>
<dataTypePrecision>8</dataTypePrecision>
<ownDataTypeParameters>,8,</ownDataTypeParameters>
</Attribute>
<Attribute name="id asistencia" id="C687B778-5286-CE28-A30A-DDB5ECA31F25">
<createdBy>Krlos</createdBy>
<createdTime>2025-09-05 01:37:43 UTC</createdTime>
<ownerDesignName>EducaFuturo</ownerDesignName>
<engineerTo>
<item key="FA0DEE0A-B8BB-5E04-BD79-3427FC140CED" value="true"/>
</engineerTo>
<useDomainConstraints>false</useDomainConstraints>
<use>1</use>
<logicalDatatype>LOGDT019</logicalDatatype>
<dataTypePrecision>2</dataTypePrecision>
<ownDataTypeParameters>,2,</ownDataTypeParameters>
</Attribute>
<Attribute name="fecha" id="5FFAC417-D06E-1834-F35E-1C40855113DA">
<createdBy>Krlos</createdBy>
<createdTime>2025-09-05 01:37:54 UTC</createdTime>
<ownerDesignName>EducaFuturo</ownerDesignName>
<engineerTo>
<item key="FA0DEE0A-B8BB-5E04-BD79-3427FC140CED" value="true"/>
</engineerTo>
<useDomainConstraints>false</useDomainConstraints>
<use>1</use>
<logicalDatatype>LOGDT007</logicalDatatype>
<ownDataTypeParameters>,,</ownDataTypeParameters>
</Attribute>
<Attribute name="estado asistencia" id="EB4E7F3F-6255-3C78-5AD3-C36C89415E58">
<createdBy>Krlos</createdBy>
<createdTime>2025-09-05 01:38:13 UTC</createdTime>
<ownerDesignName>EducaFuturo</ownerDesignName>
<engineerTo>
<item key="FA0DEE0A-B8BB-5E04-BD79-3427FC140CED" value="true"/>
</engineerTo>
<nullsAllowed>true</nullsAllowed>
<useDomainConstraints>false</useDomainConstraints>
<use>1</use>
<logicalDatatype>LOGDT024</logicalDatatype>
<dataTypeSize>15</dataTypeSize>
<ownDataTypeParameters>15,,</ownDataTypeParameters>
</Attribute>
<Attribute name="obs" id="25BD8B8E-498F-741A-6542-5937853CE656">
<createdBy>Krlos</createdBy>
<createdTime>2025-09-05 01:38:29 UTC</createdTime>
<ownerDesignName>EducaFuturo</ownerDesignName>
<engineerTo>
<item key="FA0DEE0A-B8BB-5E04-BD79-3427FC140CED" value="true"/>
</engineerTo>
<nullsAllowed>true</nullsAllowed>
<useDomainConstraints>false</useDomainConstraints>
<use>1</use>
<logicalDatatype>LOGDT024</logicalDatatype>
<dataTypeSize>200</dataTypeSize>
<ownDataTypeParameters>200,,</ownDataTypeParameters>
</Attribute>
</attributes>
<identifiers itemClass="oracle.dbtools.crest.model.design.logical.CandidateKey">
<identifier id="E8CEDA36-23B6-C9C2-25D3-A310873D8E25" name="ASISTENCIA PK">
<createdBy>Krlos</createdBy>
<createdTime>2025-09-05 01:37:53 UTC</createdTime>
<ownerDesignName>EducaFuturo</ownerDesignName>
<engineerTo>
<item key="FA0DEE0A-B8BB-5E04-BD79-3427FC140CED" value="true"/>
</engineerTo>
<pk>true</pk>
<usedAttributes>
<attributeRef>C687B778-5286-CE28-A30A-DDB5ECA31F25</attributeRef>
</usedAttributes>
</identifier>
</identifiers>
</Entity>