<?xml version = '1.0' encoding = 'UTF-8'?>
<Entity class="oracle.dbtools.crest.model.design.logical.Entity" directorySegmentName="seg_0" id="E33BFC5E-70C3-19B7-A827-77B29ABE5184" name="CARRERA">
<createdBy>Krlos</createdBy>
<createdTime>2025-09-02 22:47:04 UTC</createdTime>
<ownerDesignName>EducaFuturo</ownerDesignName>
<engineerTo>
<item key="FA0DEE0A-B8BB-5E04-BD79-3427FC140CED" value="true"/>
</engineerTo>
<adequatelyNormalized>NO</adequatelyNormalized>
<expectedVolumes>0</expectedVolumes>
<fwdEngineeringStrategyName>Single Table</fwdEngineeringStrategyName>
<growthPercent>0</growthPercent>
<growthType>Year</growthType>
<maxVolumes>9999999</maxVolumes>
<minVolumes>0</minVolumes>
<normalForm>Third</normalForm>
<attributes itemClass="oracle.dbtools.crest.model.design.logical.Attribute">
<Attribute name="id carrera" id="8E816E28-5C11-C6DC-C68D-D7EE76DE44CC">
<createdBy>Krlos</createdBy>
<createdTime>2025-09-05 01:09:44 UTC</createdTime>
<ownerDesignName>EducaFuturo</ownerDesignName>
<engineerTo>
<item key="FA0DEE0A-B8BB-5E04-BD79-3427FC140CED" value="true"/>
</engineerTo>
<useDomainConstraints>false</useDomainConstraints>
<use>1</use>
<logicalDatatype>LOGDT019</logicalDatatype>
<dataTypePrecision>2</dataTypePrecision>
<dataTypeScale>2</dataTypeScale>
<ownDataTypeParameters>,2,2</ownDataTypeParameters>
</Attribute>
<Attribute name="nombre" id="11D6DA64-AA9F-E66A-9935-1D32762BBAB0">
<createdBy>Krlos</createdBy>
<createdTime>2025-09-05 01:10:00 UTC</createdTime>
<ownerDesignName>EducaFuturo</ownerDesignName>
<engineerTo>
<item key="FA0DEE0A-B8BB-5E04-BD79-3427FC140CED" value="true"/>
</engineerTo>
<useDomainConstraints>false</useDomainConstraints>
<use>1</use>
<logicalDatatype>LOGDT024</logicalDatatype>
<dataTypeSize>100</dataTypeSize>
<ownDataTypeParameters>100,,</ownDataTypeParameters>
</Attribute>
<Attribute name="nivel" id="106E49DB-5CE6-66EA-88C7-7813683AAF56">
<createdBy>Krlos</createdBy>
<createdTime>2025-09-05 01:10:17 UTC</createdTime>
<ownerDesignName>EducaFuturo</ownerDesignName>
<engineerTo>
<item key="FA0DEE0A-B8BB-5E04-BD79-3427FC140CED" value="true"/>
</engineerTo>
<useDomainConstraints>false</useDomainConstraints>
<use>1</use>
<logicalDatatype>LOGDT024</logicalDatatype>
<dataTypeSize>20</dataTypeSize>
<ownDataTypeParameters>20,,</ownDataTypeParameters>
</Attribute>
<Attribute name="duracion años" id="95BB8A09-A8D0-7D5B-F366-ACF90701A966">
<createdBy>Krlos</createdBy>
<createdTime>2025-09-05 01:10:31 UTC</createdTime>
<ownerDesignName>EducaFuturo</ownerDesignName>
<engineerTo>
<item key="FA0DEE0A-B8BB-5E04-BD79-3427FC140CED" value="true"/>
</engineerTo>
<useDomainConstraints>false</useDomainConstraints>
<use>1</use>
<logicalDatatype>LOGDT019</logicalDatatype>
<dataTypePrecision>2</dataTypePrecision>
<ownDataTypeParameters>,2,</ownDataTypeParameters>
</Attribute>
<Attribute name="modalidad" id="872353B3-6DE3-5AD5-4BE1-3C6D5F58FD41">
<createdBy>Krlos</createdBy>
<createdTime>2025-09-05 01:11:20 UTC</createdTime>
<ownerDesignName>EducaFuturo</ownerDesignName>
<engineerTo>
<item key="FA0DEE0A-B8BB-5E04-BD79-3427FC140CED" value="true"/>
</engineerTo>
<useDomainConstraints>false</useDomainConstraints>
<use>1</use>
<logicalDatatype>LOGDT024</logicalDatatype>
<dataTypeSize>20</dataTypeSize>
<ownDataTypeParameters>20,,</ownDataTypeParameters>
</Attribute>
<Attribute name="estado" id="966D40D1-C665-B335-3294-136753414CB0">
<createdBy>Krlos</createdBy>
<createdTime>2025-09-05 01:11:34 UTC</createdTime>
<ownerDesignName>EducaFuturo</ownerDesignName>
<engineerTo>
<item key="FA0DEE0A-B8BB-5E04-BD79-3427FC140CED" value="true"/>
</engineerTo>
<useDomainConstraints>false</useDomainConstraints>
<use>1</use>
<logicalDatatype>LOGDT024</logicalDatatype>
<dataTypeSize>15</dataTypeSize>
<ownDataTypeParameters>15,,</ownDataTypeParameters>
</Attribute>
</attributes>
<identifiers itemClass="oracle.dbtools.crest.model.design.logical.CandidateKey">
<identifier id="A4CDC5E6-3373-2FB3-8DC5-4742C23B6F07" name="CARRERA PK">
<createdBy>Krlos</createdBy>
<createdTime>2025-09-05 01:10:00 UTC</createdTime>
<ownerDesignName>EducaFuturo</ownerDesignName>
<engineerTo>
<item key="FA0DEE0A-B8BB-5E04-BD79-3427FC140CED" value="true"/>
</engineerTo>
<pk>true</pk>
<usedAttributes>
<attributeRef>8E816E28-5C11-C6DC-C68D-D7EE76DE44CC</attributeRef>
</usedAttributes>
</identifier>
</identifiers>
</Entity>