<?xml version = '1.0' encoding = 'UTF-8'?>
<Entity class="oracle.dbtools.crest.model.design.logical.Entity" directorySegmentName="seg_0" id="F3C31D63-A416-6650-F44A-D57233273172" name="MATRICULA">
<createdBy>Krlos</createdBy>
<createdTime>2025-09-02 22:47:13 UTC</createdTime>
<ownerDesignName>EducaFuturo</ownerDesignName>
<engineerTo>
<item key="FA0DEE0A-B8BB-5E04-BD79-3427FC140CED" value="true"/>
</engineerTo>
<adequatelyNormalized>NO</adequatelyNormalized>
<expectedVolumes>0</expectedVolumes>
<fwdEngineeringStrategyName>Single Table</fwdEngineeringStrategyName>
<growthPercent>0</growthPercent>
<growthType>Year</growthType>
<maxVolumes>9999999</maxVolumes>
<minVolumes>0</minVolumes>
<normalForm>Third</normalForm>
<attributes itemClass="oracle.dbtools.crest.model.design.logical.Attribute">
<Attribute name="id periodo" id="22C53BD9-F09E-4AEE-B6BF-4609427CEAD3">
<createdBy>Krlos</createdBy>
<createdTime>2025-09-05 00:56:31 UTC</createdTime>
<generatorID>86E4D3BF-EB63-9721-14F7-C9D7C098B069</generatorID>
<ownerDesignName>EducaFuturo</ownerDesignName>
<engineerTo>
<item key="FA0DEE0A-B8BB-5E04-BD79-3427FC140CED" value="true"/>
</engineerTo>
<referedAttribute>76295747-5BDD-5DA7-F427-45C35554315C</referedAttribute>
<useDomainConstraints>false</useDomainConstraints>
<use>1</use>
<logicalDatatype>LOGDT019</logicalDatatype>
<dataTypePrecision>2</dataTypePrecision>
<dataTypeScale>2</dataTypeScale>
<ownDataTypeParameters>,2,2</ownDataTypeParameters>
</Attribute>
<Attribute name="id pago" id="4B9ED605-B497-05C5-7CA9-AF34DF4A90CB">
<createdBy>Krlos</createdBy>
<createdTime>2025-09-05 01:06:49 UTC</createdTime>
<generatorID>F7242B57-EAC7-EA3F-92D0-6ABD59F5FD05</generatorID>
<ownerDesignName>EducaFuturo</ownerDesignName>
<engineerTo>
<item key="FA0DEE0A-B8BB-5E04-BD79-3427FC140CED" value="true"/>
</engineerTo>
<referedAttribute>26E840C2-F49F-66A8-95B1-51D7B0AA417D</referedAttribute>
<useDomainConstraints>false</useDomainConstraints>
<use>1</use>
<logicalDatatype>LOGDT019</logicalDatatype>
<dataTypePrecision>2</dataTypePrecision>
<dataTypeScale>2</dataTypeScale>
<ownDataTypeParameters>,2,2</ownDataTypeParameters>
</Attribute>
<Attribute name="id matricula" id="B52AD868-9227-8A03-908D-22C08A93FCBD">
<createdBy>Krlos</createdBy>
<createdTime>2025-09-05 01:07:53 UTC</createdTime>
<ownerDesignName>EducaFuturo</ownerDesignName>
<engineerTo>
<item key="FA0DEE0A-B8BB-5E04-BD79-3427FC140CED" value="true"/>
</engineerTo>
<useDomainConstraints>false</useDomainConstraints>
<use>1</use>
<logicalDatatype>LOGDT019</logicalDatatype>
<dataTypePrecision>2</dataTypePrecision>
<dataTypeScale>1</dataTypeScale>
<ownDataTypeParameters>,2,1</ownDataTypeParameters>
</Attribute>
<Attribute name="fecha matricula" id="2E57333D-5F21-04EE-09BD-7363140A8044">
<createdBy>Krlos</createdBy>
<createdTime>2025-09-05 01:08:07 UTC</createdTime>
<ownerDesignName>EducaFuturo</ownerDesignName>
<engineerTo>
<item key="FA0DEE0A-B8BB-5E04-BD79-3427FC140CED" value="true"/>
</engineerTo>
<useDomainConstraints>false</useDomainConstraints>
<use>1</use>
<logicalDatatype>LOGDT007</logicalDatatype>
<ownDataTypeParameters>,,</ownDataTypeParameters>
</Attribute>
<Attribute name="modalidad" id="E887AE2C-04B1-F2E2-3419-A60BFE281B9B">
<createdBy>Krlos</createdBy>
<createdTime>2025-09-05 01:08:29 UTC</createdTime>
<ownerDesignName>EducaFuturo</ownerDesignName>
<engineerTo>
<item key="FA0DEE0A-B8BB-5E04-BD79-3427FC140CED" value="true"/>
</engineerTo>
<useDomainConstraints>false</useDomainConstraints>
<use>1</use>
<logicalDatatype>LOGDT024</logicalDatatype>
<dataTypeSize>20</dataTypeSize>
<ownDataTypeParameters>20,,</ownDataTypeParameters>
</Attribute>
<Attribute name="estado" id="7BFDEF62-A290-8EF7-7950-8070D920507E">
<createdBy>Krlos</createdBy>
<createdTime>2025-09-05 01:08:49 UTC</createdTime>
<ownerDesignName>EducaFuturo</ownerDesignName>
<engineerTo>
<item key="FA0DEE0A-B8BB-5E04-BD79-3427FC140CED" value="true"/>
</engineerTo>
<useDomainConstraints>false</useDomainConstraints>
<use>1</use>
<logicalDatatype>LOGDT024</logicalDatatype>
<dataTypeSize>15</dataTypeSize>
<ownDataTypeParameters>15,,</ownDataTypeParameters>
</Attribute>
<Attribute name="CARRERA id carrera" id="A391E91A-A688-463B-F56D-E3A720852499">
<createdBy>Krlos</createdBy>
<createdTime>2025-09-05 01:10:30 UTC</createdTime>
<generatorID>D1118F5D-0549-C70C-BF1C-A8FE2FEAE319</generatorID>
<ownerDesignName>EducaFuturo</ownerDesignName>
<engineerTo>
<item key="FA0DEE0A-B8BB-5E04-BD79-3427FC140CED" value="true"/>
</engineerTo>
<referedAttribute>8E816E28-5C11-C6DC-C68D-D7EE76DE44CC</referedAttribute>
<useDomainConstraints>false</useDomainConstraints>
<use>1</use>
<logicalDatatype>LOGDT019</logicalDatatype>
<dataTypePrecision>2</dataTypePrecision>
<dataTypeScale>2</dataTypeScale>
<ownDataTypeParameters>,2,2</ownDataTypeParameters>
</Attribute>
</attributes>
<identifiers itemClass="oracle.dbtools.crest.model.design.logical.CandidateKey">
<identifier id="1640AB34-0E87-C9B1-9DD4-A09F73B2628E" name="MATRICULA PK">
<createdBy>Krlos</createdBy>
<createdTime>2025-09-05 01:08:06 UTC</createdTime>
<ownerDesignName>EducaFuturo</ownerDesignName>
<engineerTo>
<item key="FA0DEE0A-B8BB-5E04-BD79-3427FC140CED" value="true"/>
</engineerTo>
<pk>true</pk>
<usedAttributes>
<attributeRef>B52AD868-9227-8A03-908D-22C08A93FCBD</attributeRef>
</usedAttributes>
</identifier>
</identifiers>
</Entity>