<?xml version = '1.0' encoding = 'UTF-8'?>
<Entity class="oracle.dbtools.crest.model.design.logical.Entity" directorySegmentName="seg_0" id="FE5A1BE7-7508-6BAC-FD2C-9B2408F5FE03" name="PAGO">
<createdBy>Krlos</createdBy>
<createdTime>2025-09-02 22:49:03 UTC</createdTime>
<ownerDesignName>EducaFuturo</ownerDesignName>
<engineerTo>
<item key="FA0DEE0A-B8BB-5E04-BD79-3427FC140CED" value="true"/>
</engineerTo>
<adequatelyNormalized>NO</adequatelyNormalized>
<expectedVolumes>0</expectedVolumes>
<fwdEngineeringStrategyName>Single Table</fwdEngineeringStrategyName>
<growthPercent>0</growthPercent>
<growthType>Year</growthType>
<maxVolumes>9999999</maxVolumes>
<minVolumes>0</minVolumes>
<normalForm>Third</normalForm>
<attributes itemClass="oracle.dbtools.crest.model.design.logical.Attribute">
<Attribute name="ARANCEL id arancel" id="2211849D-A8A1-5CFF-AC66-ED511DDFBF26">
<createdBy>Krlos</createdBy>
<createdTime>2025-09-05 01:02:26 UTC</createdTime>
<generatorID>B8461B31-942F-64E9-5FBF-8819CD5C2334</generatorID>
<ownerDesignName>EducaFuturo</ownerDesignName>
<engineerTo>
<item key="FA0DEE0A-B8BB-5E04-BD79-3427FC140CED" value="true"/>
</engineerTo>
<referedAttribute>AFA33057-9A6C-A5A5-9186-A34E97796C12</referedAttribute>
<useDomainConstraints>false</useDomainConstraints>
<use>1</use>
<logicalDatatype>LOGDT019</logicalDatatype>
<dataTypePrecision>2</dataTypePrecision>
<dataTypeScale>1</dataTypeScale>
<ownDataTypeParameters>,2,1</ownDataTypeParameters>
</Attribute>
<Attribute name="id pago" id="26E840C2-F49F-66A8-95B1-51D7B0AA417D">
<createdBy>Krlos</createdBy>
<createdTime>2025-09-05 01:03:40 UTC</createdTime>
<ownerDesignName>EducaFuturo</ownerDesignName>
<engineerTo>
<item key="FA0DEE0A-B8BB-5E04-BD79-3427FC140CED" value="true"/>
</engineerTo>
<useDomainConstraints>false</useDomainConstraints>
<use>1</use>
<logicalDatatype>LOGDT019</logicalDatatype>
<dataTypePrecision>2</dataTypePrecision>
<dataTypeScale>2</dataTypeScale>
<ownDataTypeParameters>,2,2</ownDataTypeParameters>
</Attribute>
<Attribute name="conceptos" id="FD47673D-A0C5-1F3E-4EDE-33F416401455">
<createdBy>Krlos</createdBy>
<createdTime>2025-09-05 01:03:53 UTC</createdTime>
<ownerDesignName>EducaFuturo</ownerDesignName>
<engineerTo>
<item key="FA0DEE0A-B8BB-5E04-BD79-3427FC140CED" value="true"/>
</engineerTo>
<useDomainConstraints>false</useDomainConstraints>
<use>1</use>
<logicalDatatype>LOGDT024</logicalDatatype>
<dataTypeSize>20</dataTypeSize>
<ownDataTypeParameters>20,,</ownDataTypeParameters>
</Attribute>
<Attribute name="monto total" id="4CE521BB-6B7B-1CA7-9279-64854ECA45FD">
<createdBy>Krlos</createdBy>
<createdTime>2025-09-05 01:05:19 UTC</createdTime>
<ownerDesignName>EducaFuturo</ownerDesignName>
<engineerTo>
<item key="FA0DEE0A-B8BB-5E04-BD79-3427FC140CED" value="true"/>
</engineerTo>
<useDomainConstraints>false</useDomainConstraints>
<use>1</use>
<logicalDatatype>LOGDT019</logicalDatatype>
<dataTypePrecision>10</dataTypePrecision>
<dataTypeScale>2</dataTypeScale>
<ownDataTypeParameters>,10,2</ownDataTypeParameters>
</Attribute>
<Attribute name="fecha pago" id="F1AFE0FC-3366-6F4C-BBD7-E6EC6C354738">
<createdBy>Krlos</createdBy>
<createdTime>2025-09-05 01:05:52 UTC</createdTime>
<ownerDesignName>EducaFuturo</ownerDesignName>
<engineerTo>
<item key="FA0DEE0A-B8BB-5E04-BD79-3427FC140CED" value="true"/>
</engineerTo>
<useDomainConstraints>false</useDomainConstraints>
<use>1</use>
<logicalDatatype>LOGDT007</logicalDatatype>
<ownDataTypeParameters>,,</ownDataTypeParameters>
</Attribute>
<Attribute name="forma pago" id="C749796D-1B53-F123-5B69-265B9FF3EC43">
<createdBy>Krlos</createdBy>
<createdTime>2025-09-05 01:06:06 UTC</createdTime>
<ownerDesignName>EducaFuturo</ownerDesignName>
<engineerTo>
<item key="FA0DEE0A-B8BB-5E04-BD79-3427FC140CED" value="true"/>
</engineerTo>
<useDomainConstraints>false</useDomainConstraints>
<use>1</use>
<logicalDatatype>LOGDT024</logicalDatatype>
<dataTypeSize>20</dataTypeSize>
<ownDataTypeParameters>20,,</ownDataTypeParameters>
</Attribute>
<Attribute name="estado" id="6E68CCDE-87B0-DA68-ABF8-AFB67679536C">
<createdBy>Krlos</createdBy>
<createdTime>2025-09-05 01:06:26 UTC</createdTime>
<ownerDesignName>EducaFuturo</ownerDesignName>
<engineerTo>
<item key="FA0DEE0A-B8BB-5E04-BD79-3427FC140CED" value="true"/>
</engineerTo>
<useDomainConstraints>false</useDomainConstraints>
<use>1</use>
<logicalDatatype>LOGDT024</logicalDatatype>
<dataTypeSize>15</dataTypeSize>
<ownDataTypeParameters>15,,</ownDataTypeParameters>
</Attribute>
<Attribute name="MATRICULA id matricula" id="12E021FB-8035-C8E0-6AC5-52CE11783404">
<createdBy>Krlos</createdBy>
<createdTime>2025-09-05 01:09:04 UTC</createdTime>
<generatorID>F7242B57-EAC7-EA3F-92D0-6ABD59F5FD05</generatorID>
<ownerDesignName>EducaFuturo</ownerDesignName>
<engineerTo>
<item key="FA0DEE0A-B8BB-5E04-BD79-3427FC140CED" value="true"/>
</engineerTo>
<referedAttribute>B52AD868-9227-8A03-908D-22C08A93FCBD</referedAttribute>
<useDomainConstraints>false</useDomainConstraints>
<use>1</use>
<logicalDatatype>LOGDT019</logicalDatatype>
<dataTypePrecision>2</dataTypePrecision>
<dataTypeScale>1</dataTypeScale>
<ownDataTypeParameters>,2,1</ownDataTypeParameters>
</Attribute>
<Attribute name="ESTUDIANTE rut estudiante" id="6BAA6C41-79F2-BA8A-A34A-2AA0F09575E7">
<createdBy>Krlos</createdBy>
<createdTime>2025-09-05 01:36:32 UTC</createdTime>
<generatorID>CF0B6519-F79B-4ECA-C297-67BE0D97ECF8</generatorID>
<ownerDesignName>EducaFuturo</ownerDesignName>
<engineerTo>
<item key="FA0DEE0A-B8BB-5E04-BD79-3427FC140CED" value="true"/>
</engineerTo>
<referedAttribute>F33091B5-9CF1-DDB8-8F88-ACAF4C0E1FAE</referedAttribute>
<useDomainConstraints>false</useDomainConstraints>
<use>1</use>
<logicalDatatype>LOGDT019</logicalDatatype>
<dataTypePrecision>8</dataTypePrecision>
<ownDataTypeParameters>,8,</ownDataTypeParameters>
</Attribute>
</attributes>
<identifiers itemClass="oracle.dbtools.crest.model.design.logical.CandidateKey">
<identifier id="46A9706D-659F-2519-584C-6FEED9672323" name="PAGO PK">
<createdBy>Krlos</createdBy>
<createdTime>2025-09-05 01:03:52 UTC</createdTime>
<ownerDesignName>EducaFuturo</ownerDesignName>
<engineerTo>
<item key="FA0DEE0A-B8BB-5E04-BD79-3427FC140CED" value="true"/>
</engineerTo>
<pk>true</pk>
<usedAttributes>
<attributeRef>26E840C2-F49F-66A8-95B1-51D7B0AA417D</attributeRef>
</usedAttributes>
</identifier>
</identifiers>
</Entity>