<?xml version = '1.0' encoding = 'UTF-8'?>
<Arc class="oracle.dbtools.crest.model.design.logical.Arc" directorySegmentName="seg_0" id="AAD98059-3A7D-357E-CE3F-4B3B09F2C73C" name="Arc_2">
<createdBy>Krlos</createdBy>
<createdTime>2025-09-05 01:03:36 UTC</createdTime>
<ownerDesignName>EducaFuturo</ownerDesignName>
<engineerTo>
<item key="FA0DEE0A-B8BB-5E04-BD79-3427FC140CED" value="true"/>
</engineerTo>
<entity>FE5A1BE7-7508-6BAC-FD2C-9B2408F5FE03</entity>
<relations>
<relationID>B8461B31-942F-64E9-5FBF-8819CD5C2334</relationID>
<relationID>F7242B57-EAC7-EA3F-92D0-6ABD59F5FD05</relationID>
</relations>
</Arc>