<?xml version = '1.0' encoding = 'UTF-8'?>
<Diagram class="oracle.dbtools.crest.swingui.relational.DPVRelational" name="Relational_1" id="7ECD10EA-5FD9-C934-3817-D2315002F4A1">
<createdBy>Krlos</createdBy>
<modifiedBy>Krlos</modifiedBy>
<createdTime>2025-09-03 00:29:50 UTC</createdTime>
<autoRoute>false</autoRoute>
<boxInbox>true</boxInbox>
<showLegend>false</showLegend>
<showLabels>false</showLabels>
<showRelAttributes>false</showRelAttributes>
<gridEnabled>false</gridEnabled>
<showGrid>false</showGrid>
<diagramColor>-1</diagramColor>
<display>false</display>
<notation>1</notation>
<objectViews>
<OView class="oracle.dbtools.crest.swingui.relational.TVTable" oid="028B373A-CA3A-485A-D354-1804F642839A" otype="Table" vid="46DF07FF-8DDF-5775-042A-E565A61DA6C3">
<hideElementsInCurrentOnly>false</hideElementsInCurrentOnly>
<bounds x="1844" y="956" width="341" height="194"/>
</OView>
<OView class="oracle.dbtools.crest.swingui.relational.TVTable" oid="03DEAEB0-3031-4767-A279-FF500BC09399" otype="Table" vid="EDA6DBD1-BFB6-76B5-4957-35376260A83F">
<hideElementsInCurrentOnly>false</hideElementsInCurrentOnly>
<bounds x="347" y="39" width="234" height="103"/>
</OView>
<OView class="oracle.dbtools.crest.swingui.relational.TVTable" oid="21F661E1-EBBA-D35F-4047-1AFECDD76E83" otype="Table" vid="0425956A-2607-5476-99AF-C3634A591EFB">
<hideElementsInCurrentOnly>false</hideElementsInCurrentOnly>
<bounds x="79" y="1035" width="507" height="191"/>
</OView>
<OView class="oracle.dbtools.crest.swingui.relational.TVTable" oid="32921BCA-0263-76D9-561D-C7CFC34A9B71" otype="Table" vid="5849794E-A85E-2D8C-D837-E98F84357C63">
<hideElementsInCurrentOnly>false</hideElementsInCurrentOnly>
<bounds x="1134" y="349" width="349" height="153"/>
</OView>
<OView class="oracle.dbtools.crest.swingui.relational.TVTable" oid="49340835-1459-67DF-204A-F8B3D238E0CA" otype="Table" vid="F358C3B2-293C-854E-F0B8-60D67FBA493F">
<hideElementsInCurrentOnly>false</hideElementsInCurrentOnly>
<bounds x="873" y="714" width="380" height="122"/>
</OView>
<OView class="oracle.dbtools.crest.swingui.relational.TVTable" oid="4D1794C9-6E5A-1E61-F516-465C0F278698" otype="Table" vid="D7DBAC15-A21C-3795-C649-398291B37BBF">
<hideElementsInCurrentOnly>false</hideElementsInCurrentOnly>
<bounds x="1439" y="18" width="413" height="207"/>
</OView>
<OView class="oracle.dbtools.crest.swingui.relational.TVTable" oid="50EA694B-CD87-3B1D-4F6C-C1242CE2436D" otype="Table" vid="C2776996-A6C1-0E88-BBF8-0F467C15014A">
<hideElementsInCurrentOnly>false</hideElementsInCurrentOnly>
<bounds x="61" y="405" width="374" height="209"/>
</OView>
<OView class="oracle.dbtools.crest.swingui.relational.TVTable" oid="6D1DC0A9-33AA-CDDA-E2E9-6E15DE54D2C3" otype="Table" vid="4F1DFE41-7A7D-62B2-C56A-04E1AD074627">
<hideElementsInCurrentOnly>false</hideElementsInCurrentOnly>
<bounds x="513" y="323" width="433" height="246"/>
</OView>
<OView class="oracle.dbtools.crest.swingui.relational.TVTable" oid="777A39CF-33E6-F942-9FA0-6903AB3527CC" otype="Table" vid="36B7142C-888A-63EB-8DD2-1D6565106546">
<hideElementsInCurrentOnly>false</hideElementsInCurrentOnly>
<bounds x="1985" y="5" width="315" height="253"/>
</OView>
<OView class="oracle.dbtools.crest.swingui.relational.TVTable" oid="7F7094C9-E332-07E6-9005-441BF9CA7D1A" otype="Table" vid="4FCB770D-0A71-EDC5-6EF1-E36C48460A5A">
<hideElementsInCurrentOnly>false</hideElementsInCurrentOnly>
<bounds x="1473" y="687" width="492" height="170"/>
</OView>
<OView class="oracle.dbtools.crest.swingui.relational.TVTable" oid="8BEF26B9-A0DF-F897-F6D2-373BE9631768" otype="Table" vid="6D7A2C23-9507-C817-CD08-7C8E75305552">
<hideElementsInCurrentOnly>false</hideElementsInCurrentOnly>
<bounds x="286" y="712" width="299" height="206"/>
</OView>
<OView class="oracle.dbtools.crest.swingui.relational.TVTable" oid="99EC8CC5-E2D8-F110-34A3-9F3EA1A9D714" otype="Table" vid="30ED7A5E-CEAC-8EA3-19A3-8209C07559C3">
<hideElementsInCurrentOnly>false</hideElementsInCurrentOnly>
<bounds x="1027" y="35" width="242" height="140"/>
</OView>
<OView class="oracle.dbtools.crest.swingui.relational.TVTable" oid="A7BB3AB9-DBE2-9CDE-5D13-447E057B4407" otype="Table" vid="C7B4374C-EB81-F2BB-A86F-4277A27D32AD">
<hideElementsInCurrentOnly>false</hideElementsInCurrentOnly>
<bounds x="1230" y="1093" width="247" height="180"/>
</OView>
<OView class="oracle.dbtools.crest.swingui.relational.TVTable" oid="A9E1A7F8-C838-542A-6C54-D94655E7FE07" otype="Table" vid="A5A68782-EDE1-BFB0-0B88-0C3B90AFAFF3">
<hideElementsInCurrentOnly>false</hideElementsInCurrentOnly>
<bounds x="1511" y="426" width="231" height="142"/>
</OView>
<OView class="oracle.dbtools.crest.swingui.relational.TVTable" oid="C62BD3FD-6BF9-C258-D6DA-04BB5C171172" otype="Table" vid="9A729587-E98F-220F-A9DE-C6EF44EB6F05">
<hideElementsInCurrentOnly>false</hideElementsInCurrentOnly>
<bounds x="1834" y="394" width="400" height="188"/>
</OView>
<OView class="oracle.dbtools.crest.swingui.relational.TVTable" oid="E0BD1FF8-29A1-1F74-D06C-AEEAA8386859" otype="Table" vid="CB6AFAA0-8D99-7326-44CC-1A095490693A">
<hideElementsInCurrentOnly>false</hideElementsInCurrentOnly>
<bounds x="619" y="37" width="307" height="133"/>
</OView>
<OView class="oracle.dbtools.crest.swingui.relational.TVTable" oid="F2D3082C-8F73-7AAB-5998-1D68BF29382F" otype="Table" vid="48C0C49F-652A-34A7-D30E-5ED25A4050E6">
<hideElementsInCurrentOnly>false</hideElementsInCurrentOnly>
<bounds x="954" y="930" width="244" height="112"/>
</OView>
<OView class="oracle.dbtools.crest.swingui.relational.TVTable" oid="FDB0FD00-B144-1D92-7750-673344ACAD15" otype="Table" vid="7C52F1E2-02E1-8E91-6AE9-10095A3F6DAE">
<hideElementsInCurrentOnly>false</hideElementsInCurrentOnly>
<bounds x="25" y="27" width="272" height="175"/>
</OView>
</objectViews>
<connectors>
<Connector class="oracle.dbtools.crest.swingui.relational.TVFKRelation" oid="02805191-E43E-5946-279C-EFBF481DA4DA" otype="FKIndexAssociation" vid_source="EDA6DBD1-BFB6-76B5-4957-35376260A83F" vid_target="C2776996-A6C1-0E88-BBF8-0F467C15014A">
<hideElementsInCurrentOnly>false</hideElementsInCurrentOnly>
<backgroundColor>-16777216</backgroundColor>
<lineWidth>1</lineWidth>
<points>
<point x="391" y="142"/>
<point x="391" y="405"/>
</points>
</Connector>
<Connector class="oracle.dbtools.crest.swingui.relational.TVFKRelation" oid="2B9310DC-BE13-51DA-F57E-FF4EEF570645" otype="FKIndexAssociation" vid_source="5849794E-A85E-2D8C-D837-E98F84357C63" vid_target="4F1DFE41-7A7D-62B2-C56A-04E1AD074627">
<hideElementsInCurrentOnly>false</hideElementsInCurrentOnly>
<backgroundColor>-16777216</backgroundColor>
<lineWidth>1</lineWidth>
<points>
<point x="1134" y="447"/>
<point x="975" y="447"/>
<point x="946" y="447"/>
</points>
</Connector>
<Connector class="oracle.dbtools.crest.swingui.relational.TVFKRelation" oid="451C3073-0D96-E2B6-9EFB-1AEF92F2CABC" otype="FKIndexAssociation" vid_source="A5A68782-EDE1-BFB0-0B88-0C3B90AFAFF3" vid_target="4FCB770D-0A71-EDC5-6EF1-E36C48460A5A">
<hideElementsInCurrentOnly>false</hideElementsInCurrentOnly>
<backgroundColor>-16777216</backgroundColor>
<lineWidth>1</lineWidth>
<points>
<point x="1626" y="568"/>
<point x="1626" y="687"/>
</points>
</Connector>
<Connector class="oracle.dbtools.crest.swingui.relational.TVFKRelation" oid="4D130B0B-7A6A-A370-387F-E65376BAD5CC" otype="FKIndexAssociation" vid_source="5849794E-A85E-2D8C-D837-E98F84357C63" vid_target="F358C3B2-293C-854E-F0B8-60D67FBA493F">
<hideElementsInCurrentOnly>false</hideElementsInCurrentOnly>
<backgroundColor>-16777216</backgroundColor>
<lineWidth>1</lineWidth>
<points>
<point x="1193" y="502"/>
<point x="1193" y="714"/>
</points>
</Connector>
<Connector class="oracle.dbtools.crest.swingui.relational.TVFKRelation" oid="4E2B6EB7-604E-1F8B-3B2B-8E11343AA118" otype="FKIndexAssociation" vid_source="C2776996-A6C1-0E88-BBF8-0F467C15014A" vid_target="6D7A2C23-9507-C817-CD08-7C8E75305552">
<hideElementsInCurrentOnly>false</hideElementsInCurrentOnly>
<backgroundColor>-16777216</backgroundColor>
<lineWidth>1</lineWidth>
<points>
<point x="375" y="614"/>
<point x="375" y="712"/>
</points>
</Connector>
<Connector class="oracle.dbtools.crest.swingui.relational.TVFKRelation" oid="5DEC2A42-B250-8A74-5A4F-E1DC5CA9FD95" otype="FKIndexAssociation" vid_source="C7B4374C-EB81-F2BB-A86F-4277A27D32AD" vid_target="5849794E-A85E-2D8C-D837-E98F84357C63">
<hideElementsInCurrentOnly>false</hideElementsInCurrentOnly>
<backgroundColor>-16777216</backgroundColor>
<lineWidth>1</lineWidth>
<points>
<point x="1353" y="1093"/>
<point x="1353" y="502"/>
</points>
</Connector>
<Connector class="oracle.dbtools.crest.swingui.relational.TVFKRelation" oid="622BFEAD-D731-5F9B-A5D0-0D00AE7D0160" otype="FKIndexAssociation" vid_source="30ED7A5E-CEAC-8EA3-19A3-8209C07559C3" vid_target="D7DBAC15-A21C-3795-C649-398291B37BBF">
<hideElementsInCurrentOnly>false</hideElementsInCurrentOnly>
<backgroundColor>-16777216</backgroundColor>
<lineWidth>1</lineWidth>
<points>
<point x="1269" y="105"/>
<point x="1439" y="105"/>
</points>
</Connector>
<Connector class="oracle.dbtools.crest.swingui.relational.TVFKRelation" oid="6BB47604-5151-86C3-AE10-CBA61E6D2711" otype="FKIndexAssociation" vid_source="6D7A2C23-9507-C817-CD08-7C8E75305552" vid_target="0425956A-2607-5476-99AF-C3634A591EFB">
<hideElementsInCurrentOnly>false</hideElementsInCurrentOnly>
<backgroundColor>-16777216</backgroundColor>
<lineWidth>1</lineWidth>
<points>
<point x="435" y="918"/>
<point x="435" y="1035"/>
</points>
</Connector>
<Connector class="oracle.dbtools.crest.swingui.relational.TVFKRelation" oid="7F3AC02F-B719-A58B-AB39-DE7C3EEB504D" otype="FKIndexAssociation" vid_source="48C0C49F-652A-34A7-D30E-5ED25A4050E6" vid_target="F358C3B2-293C-854E-F0B8-60D67FBA493F">
<hideElementsInCurrentOnly>false</hideElementsInCurrentOnly>
<backgroundColor>-16777216</backgroundColor>
<lineWidth>1</lineWidth>
<points>
<point x="1076" y="930"/>
<point x="1076" y="836"/>
</points>
</Connector>
<Connector class="oracle.dbtools.crest.swingui.relational.TVFKRelation" oid="81921879-8178-334D-EDC7-FF676E913D94" otype="FKIndexAssociation" vid_source="36B7142C-888A-63EB-8DD2-1D6565106546" vid_target="D7DBAC15-A21C-3795-C649-398291B37BBF">
<hideElementsInCurrentOnly>false</hideElementsInCurrentOnly>
<backgroundColor>-16777216</backgroundColor>
<lineWidth>1</lineWidth>
<points>
<point x="1985" y="121"/>
<point x="1852" y="121"/>
</points>
</Connector>
<Connector class="oracle.dbtools.crest.swingui.relational.TVFKRelation" oid="8332F18C-FA86-A9DA-9C1E-57495BCF2C39" otype="FKIndexAssociation" vid_source="C7B4374C-EB81-F2BB-A86F-4277A27D32AD" vid_target="46DF07FF-8DDF-5775-042A-E565A61DA6C3">
<hideElementsInCurrentOnly>false</hideElementsInCurrentOnly>
<backgroundColor>-16777216</backgroundColor>
<lineWidth>1</lineWidth>
<points>
<point x="1477" y="1121"/>
<point x="1844" y="1121"/>
</points>
</Connector>
<Connector class="oracle.dbtools.crest.swingui.relational.TVFKRelation" oid="AB3C54FA-6576-09F2-9640-00CADB37CE14" otype="FKIndexAssociation" vid_source="30ED7A5E-CEAC-8EA3-19A3-8209C07559C3" vid_target="CB6AFAA0-8D99-7326-44CC-1A095490693A">
<hideElementsInCurrentOnly>false</hideElementsInCurrentOnly>
<backgroundColor>-16777216</backgroundColor>
<lineWidth>1</lineWidth>
<points>
<point x="1027" y="103"/>
<point x="926" y="103"/>
</points>
</Connector>
<Connector class="oracle.dbtools.crest.swingui.relational.TVFKRelation" oid="BC8B79E8-993D-8BA9-8138-0F023437A1BF" otype="FKIndexAssociation" vid_source="A5A68782-EDE1-BFB0-0B88-0C3B90AFAFF3" vid_target="D7DBAC15-A21C-3795-C649-398291B37BBF">
<hideElementsInCurrentOnly>false</hideElementsInCurrentOnly>
<backgroundColor>-16777216</backgroundColor>
<lineWidth>1</lineWidth>
<points>
<point x="1626" y="426"/>
<point x="1626" y="225"/>
</points>
</Connector>
<Connector class="oracle.dbtools.crest.swingui.relational.TVFKRelation" oid="BF66783F-3016-4AC7-E7E4-7E8ABD9FF18C" otype="FKIndexAssociation" vid_source="C7B4374C-EB81-F2BB-A86F-4277A27D32AD" vid_target="0425956A-2607-5476-99AF-C3634A591EFB">
<hideElementsInCurrentOnly>false</hideElementsInCurrentOnly>
<backgroundColor>-16777216</backgroundColor>
<lineWidth>1</lineWidth>
<points>
<point x="1230" y="1159"/>
<point x="586" y="1159"/>
</points>
</Connector>
<Connector class="oracle.dbtools.crest.swingui.relational.TVFKRelation" oid="C1F81228-5DAC-BD03-F878-473D151A7155" otype="FKIndexAssociation" vid_source="7C52F1E2-02E1-8E91-6AE9-10095A3F6DAE" vid_target="C2776996-A6C1-0E88-BBF8-0F467C15014A">
<hideElementsInCurrentOnly>false</hideElementsInCurrentOnly>
<backgroundColor>-16777216</backgroundColor>
<lineWidth>1</lineWidth>
<points>
<point x="194" y="202"/>
<point x="194" y="405"/>
</points>
</Connector>
<Connector class="oracle.dbtools.crest.swingui.relational.TVFKRelation" oid="C3570C40-0CFA-5655-3AE8-E3FF84B1D8A8" otype="FKIndexAssociation" vid_source="CB6AFAA0-8D99-7326-44CC-1A095490693A" vid_target="4F1DFE41-7A7D-62B2-C56A-04E1AD074627">
<hideElementsInCurrentOnly>false</hideElementsInCurrentOnly>
<backgroundColor>-16777216</backgroundColor>
<lineWidth>1</lineWidth>
<points>
<point x="772" y="170"/>
<point x="772" y="323"/>
</points>
</Connector>
<Connector class="oracle.dbtools.crest.swingui.relational.TVFKRelation" oid="D68BA097-9433-5D2B-E35C-642BC69B68AB" otype="FKIndexAssociation" vid_source="C7B4374C-EB81-F2BB-A86F-4277A27D32AD" vid_target="36B7142C-888A-63EB-8DD2-1D6565106546">
<hideElementsInCurrentOnly>false</hideElementsInCurrentOnly>
<backgroundColor>-16777216</backgroundColor>
<lineWidth>1</lineWidth>
<points>
<point x="1477" y="1217"/>
<point x="2259" y="1217"/>
<point x="2259" y="258"/>
</points>
</Connector>
<Connector class="oracle.dbtools.crest.swingui.relational.TVFKRelation" oid="D7D14E2D-F5AA-A7B2-2825-00A6B962AFCC" otype="FKIndexAssociation" vid_source="46DF07FF-8DDF-5775-042A-E565A61DA6C3" vid_target="4FCB770D-0A71-EDC5-6EF1-E36C48460A5A">
<hideElementsInCurrentOnly>false</hideElementsInCurrentOnly>
<backgroundColor>-16777216</backgroundColor>
<lineWidth>1</lineWidth>
<points>
<point x="1904" y="956"/>
<point x="1904" y="857"/>
</points>
</Connector>
<Connector class="oracle.dbtools.crest.swingui.relational.TVFKRelation" oid="DB960066-ED4C-1694-FFC0-0BA4B040F35E" otype="FKIndexAssociation" vid_source="36B7142C-888A-63EB-8DD2-1D6565106546" vid_target="9A729587-E98F-220F-A9DE-C6EF44EB6F05">
<hideElementsInCurrentOnly>false</hideElementsInCurrentOnly>
<backgroundColor>-16777216</backgroundColor>
<lineWidth>1</lineWidth>
<points>
<point x="2124" y="258"/>
<point x="2124" y="394"/>
</points>
</Connector>
<Connector class="oracle.dbtools.crest.swingui.relational.TVFKRelation" oid="FA2C121D-284F-1BEB-FFD5-E59C21D407B4" otype="FKIndexAssociation" vid_source="6D7A2C23-9507-C817-CD08-7C8E75305552" vid_target="4F1DFE41-7A7D-62B2-C56A-04E1AD074627">
<hideElementsInCurrentOnly>false</hideElementsInCurrentOnly>
<backgroundColor>-16777216</backgroundColor>
<lineWidth>1</lineWidth>
<points>
<point x="549" y="712"/>
<point x="549" y="569"/>
</points>
</Connector>
<Connector class="oracle.dbtools.crest.swingui.relational.TVFKRelation" oid="FFE8F047-227F-9494-5283-F8DF6FD40DF5" otype="FKIndexAssociation" vid_source="A5A68782-EDE1-BFB0-0B88-0C3B90AFAFF3" vid_target="9A729587-E98F-220F-A9DE-C6EF44EB6F05">
<hideElementsInCurrentOnly>false</hideElementsInCurrentOnly>
<backgroundColor>-16777216</backgroundColor>
<lineWidth>1</lineWidth>
<points>
<point x="1742" y="497"/>
<point x="1834" y="497"/>
</points>
</Connector>
</connectors>
</Diagram>