<?xml version = '1.0' encoding = 'UTF-8'?>
<Table class="oracle.dbtools.crest.model.design.relational.Table" directorySegmentName="seg_0" id="028B373A-CA3A-485A-D354-1804F642839A" name="BECA">
<createdBy>Krlos</createdBy>
<createdTime>2025-09-05 01:44:14 UTC</createdTime>
<generatorID>FA31E9A0-14FA-9444-5161-FCC57A8E4D31</generatorID>
<ownerDesignName>EducaFuturo</ownerDesignName>
<allowColumnReorder>false</allowColumnReorder>
<existDependencyGenerateInDDl>true</existDependencyGenerateInDDl>
<parsed>true</parsed>
<columns itemClass="oracle.dbtools.crest.model.design.relational.Column">
<Column name="id_beca" id="A1B7D586-986F-99BE-F524-D80C6607D3D6">
<createdBy>Krlos</createdBy>
<createdTime>2025-09-05 01:44:14 UTC</createdTime>
<generatorID>3DCD813D-9D47-027B-2700-EFA615005250</generatorID>
<ownerDesignName>EducaFuturo</ownerDesignName>
<useDomainConstraints>false</useDomainConstraints>
<use>1</use>
<logicalDatatype>LOGDT019</logicalDatatype>
<dataTypePrecision>10</dataTypePrecision>
<dataTypeScale>2</dataTypeScale>
<ownDataTypeParameters>,10,2</ownDataTypeParameters>
<autoIncrementCycle>false</autoIncrementCycle>
</Column>
<Column name="nombre" id="74D59428-0598-E0DC-37E5-471D29A7315E">
<createdBy>Krlos</createdBy>
<createdTime>2025-09-05 01:44:14 UTC</createdTime>
<generatorID>458F18F6-8AC2-D1EF-5B25-BB02EE2888C7</generatorID>
<ownerDesignName>EducaFuturo</ownerDesignName>
<useDomainConstraints>false</useDomainConstraints>
<use>1</use>
<logicalDatatype>LOGDT024</logicalDatatype>
<dataTypeSize>100</dataTypeSize>
<ownDataTypeParameters>100,,</ownDataTypeParameters>
<autoIncrementCycle>false</autoIncrementCycle>
</Column>
<Column name="descripcion" id="9BD6B266-90AC-A109-2213-B24F47B34DB3">
<createdBy>Krlos</createdBy>
<createdTime>2025-09-05 01:44:14 UTC</createdTime>
<generatorID>4AF80356-274D-E017-A035-F5EDB7577CDE</generatorID>
<ownerDesignName>EducaFuturo</ownerDesignName>
<nullsAllowed>true</nullsAllowed>
<useDomainConstraints>false</useDomainConstraints>
<use>1</use>
<logicalDatatype>LOGDT024</logicalDatatype>
<dataTypeSize>255</dataTypeSize>
<ownDataTypeParameters>255,,</ownDataTypeParameters>
<autoIncrementCycle>false</autoIncrementCycle>
</Column>
<Column name="tipo" id="90DDFABA-27A5-95AA-38E6-30EE545DCDF5">
<createdBy>Krlos</createdBy>
<createdTime>2025-09-05 01:44:14 UTC</createdTime>
<generatorID>BF58B4FD-086B-888B-0D04-240A18B045D0</generatorID>
<ownerDesignName>EducaFuturo</ownerDesignName>
<useDomainConstraints>false</useDomainConstraints>
<use>1</use>
<logicalDatatype>LOGDT024</logicalDatatype>
<dataTypeSize>30</dataTypeSize>
<ownDataTypeParameters>30,,</ownDataTypeParameters>
<autoIncrementCycle>false</autoIncrementCycle>
</Column>
<Column name="porc_descuento" id="613F6292-BA57-5ED6-927A-462B3ACAC079">
<createdBy>Krlos</createdBy>
<createdTime>2025-09-05 01:44:14 UTC</createdTime>
<generatorID>D402FB06-02F7-EE5F-3A9A-493232E951A3</generatorID>
<ownerDesignName>EducaFuturo</ownerDesignName>
<useDomainConstraints>false</useDomainConstraints>
<use>1</use>
<logicalDatatype>LOGDT019</logicalDatatype>
<dataTypePrecision>5</dataTypePrecision>
<dataTypeScale>2</dataTypeScale>
<ownDataTypeParameters>,5,2</ownDataTypeParameters>
<autoIncrementCycle>false</autoIncrementCycle>
</Column>
<Column name="monto_max" id="5324DCFE-874F-2497-FD8F-EADFDE9630F4">
<createdBy>Krlos</createdBy>
<createdTime>2025-09-05 01:44:14 UTC</createdTime>
<generatorID>3AB5EEC9-4605-7D39-E161-B110C775997D</generatorID>
<ownerDesignName>EducaFuturo</ownerDesignName>
<useDomainConstraints>false</useDomainConstraints>
<use>1</use>
<logicalDatatype>LOGDT019</logicalDatatype>
<dataTypePrecision>10</dataTypePrecision>
<dataTypeScale>2</dataTypeScale>
<ownDataTypeParameters>,10,2</ownDataTypeParameters>
<autoIncrementCycle>false</autoIncrementCycle>
</Column>
<Column name="estado" id="55F82D94-02D1-E003-D49B-4B751EE2F93B">
<createdBy>Krlos</createdBy>
<createdTime>2025-09-05 01:44:14 UTC</createdTime>
<generatorID>DAABCC80-7A95-8650-8977-70264A80A3AF</generatorID>
<ownerDesignName>EducaFuturo</ownerDesignName>
<useDomainConstraints>false</useDomainConstraints>
<use>1</use>
<logicalDatatype>LOGDT024</logicalDatatype>
<dataTypeSize>15</dataTypeSize>
<ownDataTypeParameters>15,,</ownDataTypeParameters>
<autoIncrementCycle>false</autoIncrementCycle>
</Column>
<Column name="ESTUDIANTE_rut_estudiante" id="55B4CEB5-9082-43D9-E8F6-696071C2AAD5">
<createdBy>Krlos</createdBy>
<createdTime>2025-09-05 01:44:14 UTC</createdTime>
<generatorID>AF08936F-252E-DFE4-34DC-54CBFBB6A65E</generatorID>
<ownerDesignName>EducaFuturo</ownerDesignName>
<useDomainConstraints>false</useDomainConstraints>
<use>1</use>
<logicalDatatype>LOGDT019</logicalDatatype>
<dataTypePrecision>8</dataTypePrecision>
<ownDataTypeParameters>,,</ownDataTypeParameters>
<previousColumn>false</previousColumn>
<autoIncrementCycle>false</autoIncrementCycle>
<associations>
<colAssociation fkAssociation="8332F18C-FA86-A9DA-9C1E-57495BCF2C39" referredColumn="E3BA10F7-D05D-5B68-EA49-7AE901AAFF6E"/>
</associations>
</Column>
</columns>
<indexes itemClass="oracle.dbtools.crest.model.design.relational.Index">
<ind_PK_UK id="0B22121C-E0E3-F41D-A2DE-20E76CEC6877" name="BECA_PK">
<createdBy>Krlos</createdBy>
<createdTime>2025-09-05 01:44:14 UTC</createdTime>
<generatorID>4E01E5AC-B5D1-49A6-E5AC-5723349163A1</generatorID>
<ownerDesignName>EducaFuturo</ownerDesignName>
<pk>true</pk>
<indexState>Primary Constraint</indexState>
<isSurrogateKey>false</isSurrogateKey>
<indexColumnUsage>
<colUsage columnID="A1B7D586-986F-99BE-F524-D80C6607D3D6"/>
</indexColumnUsage>
</ind_PK_UK>
<ind_PK_UK id="9D99CCC5-9DB4-ADD1-51A8-B2C94510B0F1" name="BECA_ESTUDIANTE_FK">
<createdBy>Krlos</createdBy>
<createdTime>2025-09-05 01:44:14 UTC</createdTime>
<generatorID>90C1C553-E06C-AD40-618E-5EB9ACBBB908</generatorID>
<ownerDesignName>EducaFuturo</ownerDesignName>
<indexState>Foreign Key</indexState>
<isSurrogateKey>false</isSurrogateKey>
<indexColumnUsage>
<colUsage columnID="55B4CEB5-9082-43D9-E8F6-696071C2AAD5"/>
</indexColumnUsage>
</ind_PK_UK>
</indexes>
</Table>