<?xml version = '1.0' encoding = 'UTF-8'?>
<Table class="oracle.dbtools.crest.model.design.relational.Table" directorySegmentName="seg_0" id="4D1794C9-6E5A-1E61-F516-465C0F278698" name="MATRICULA">
<createdBy>Krlos</createdBy>
<createdTime>2025-09-05 01:44:14 UTC</createdTime>
<generatorID>F3C31D63-A416-6650-F44A-D57233273172</generatorID>
<ownerDesignName>EducaFuturo</ownerDesignName>
<allowColumnReorder>false</allowColumnReorder>
<existDependencyGenerateInDDl>true</existDependencyGenerateInDDl>
<parsed>true</parsed>
<columns itemClass="oracle.dbtools.crest.model.design.relational.Column">
<Column name="PERIODO_ACADEMICO_id_periodo" id="74FA8BFE-862E-7409-804B-139AC17303B0">
<createdBy>Krlos</createdBy>
<createdTime>2025-09-05 01:44:14 UTC</createdTime>
<generatorID>22C53BD9-F09E-4AEE-B6BF-4609427CEAD3</generatorID>
<ownerDesignName>EducaFuturo</ownerDesignName>
<useDomainConstraints>false</useDomainConstraints>
<use>1</use>
<logicalDatatype>LOGDT019</logicalDatatype>
<dataTypePrecision>2</dataTypePrecision>
<dataTypeScale>2</dataTypeScale>
<ownDataTypeParameters>,2,2</ownDataTypeParameters>
<previousColumn>false</previousColumn>
<autoIncrementCycle>false</autoIncrementCycle>
<associations>
<colAssociation fkAssociation="BC8B79E8-993D-8BA9-8138-0F023437A1BF" referredColumn="7A56981B-728D-5488-2E95-D016F2252554"/>
</associations>
</Column>
<Column name="id_matricula" id="0270C60A-50B0-B24E-52BA-4E4BA4ED3BC7">
<createdBy>Krlos</createdBy>
<createdTime>2025-09-05 01:44:14 UTC</createdTime>
<generatorID>B52AD868-9227-8A03-908D-22C08A93FCBD</generatorID>
<ownerDesignName>EducaFuturo</ownerDesignName>
<useDomainConstraints>false</useDomainConstraints>
<use>1</use>
<logicalDatatype>LOGDT019</logicalDatatype>
<dataTypePrecision>2</dataTypePrecision>
<dataTypeScale>1</dataTypeScale>
<ownDataTypeParameters>,2,1</ownDataTypeParameters>
<autoIncrementCycle>false</autoIncrementCycle>
</Column>
<Column name="fecha_matricula" id="0EB96859-3FC7-5C61-8AD8-112EBB29B306">
<createdBy>Krlos</createdBy>
<createdTime>2025-09-05 01:44:14 UTC</createdTime>
<generatorID>2E57333D-5F21-04EE-09BD-7363140A8044</generatorID>
<ownerDesignName>EducaFuturo</ownerDesignName>
<useDomainConstraints>false</useDomainConstraints>
<use>1</use>
<logicalDatatype>LOGDT007</logicalDatatype>
<ownDataTypeParameters>,,</ownDataTypeParameters>
<autoIncrementCycle>false</autoIncrementCycle>
</Column>
<Column name="modalidad" id="5DF1418A-B12E-564B-9352-2B9BA56594C0">
<createdBy>Krlos</createdBy>
<createdTime>2025-09-05 01:44:14 UTC</createdTime>
<generatorID>E887AE2C-04B1-F2E2-3419-A60BFE281B9B</generatorID>
<ownerDesignName>EducaFuturo</ownerDesignName>
<useDomainConstraints>false</useDomainConstraints>
<use>1</use>
<logicalDatatype>LOGDT024</logicalDatatype>
<dataTypeSize>20</dataTypeSize>
<ownDataTypeParameters>20,,</ownDataTypeParameters>
<autoIncrementCycle>false</autoIncrementCycle>
</Column>
<Column name="estado" id="30D91C35-992D-38C9-9A44-0AF2C9F09C4A">
<createdBy>Krlos</createdBy>
<createdTime>2025-09-05 01:44:14 UTC</createdTime>
<generatorID>7BFDEF62-A290-8EF7-7950-8070D920507E</generatorID>
<ownerDesignName>EducaFuturo</ownerDesignName>
<useDomainConstraints>false</useDomainConstraints>
<use>1</use>
<logicalDatatype>LOGDT024</logicalDatatype>
<dataTypeSize>15</dataTypeSize>
<ownDataTypeParameters>15,,</ownDataTypeParameters>
<autoIncrementCycle>false</autoIncrementCycle>
</Column>
<Column name="CARRERA_id_carrera" id="C2971028-9C0B-373C-875C-D9BD54739D15">
<createdBy>Krlos</createdBy>
<createdTime>2025-09-05 01:44:14 UTC</createdTime>
<generatorID>A391E91A-A688-463B-F56D-E3A720852499</generatorID>
<ownerDesignName>EducaFuturo</ownerDesignName>
<useDomainConstraints>false</useDomainConstraints>
<use>1</use>
<logicalDatatype>LOGDT019</logicalDatatype>
<dataTypePrecision>2</dataTypePrecision>
<dataTypeScale>2</dataTypeScale>
<ownDataTypeParameters>,2,2</ownDataTypeParameters>
<previousColumn>false</previousColumn>
<autoIncrementCycle>false</autoIncrementCycle>
<associations>
<colAssociation fkAssociation="622BFEAD-D731-5F9B-A5D0-0D00AE7D0160" referredColumn="05F56105-032A-FFBA-C140-DAA8779849B1"/>
</associations>
</Column>
</columns>
<indexes itemClass="oracle.dbtools.crest.model.design.relational.Index">
<ind_PK_UK id="6EA81166-D150-8D13-40E5-0F8241C8DA3A" name="MATRICULA_PK">
<createdBy>Krlos</createdBy>
<createdTime>2025-09-05 01:44:14 UTC</createdTime>
<generatorID>1640AB34-0E87-C9B1-9DD4-A09F73B2628E</generatorID>
<ownerDesignName>EducaFuturo</ownerDesignName>
<pk>true</pk>
<indexState>Primary Constraint</indexState>
<isSurrogateKey>false</isSurrogateKey>
<indexColumnUsage>
<colUsage columnID="0270C60A-50B0-B24E-52BA-4E4BA4ED3BC7"/>
</indexColumnUsage>
</ind_PK_UK>
<ind_PK_UK id="C5B9679A-3FD0-B4BD-E094-E8419466931F" name="MATRICULA__IDX">
<createdBy>Krlos</createdBy>
<createdTime>2025-09-05 01:44:14 UTC</createdTime>
<ownerDesignName>EducaFuturo</ownerDesignName>
<indexState>Unique Plain Index</indexState>
<isSurrogateKey>false</isSurrogateKey>
<relationGeneratorID>F7242B57-EAC7-EA3F-92D0-6ABD59F5FD05</relationGeneratorID>
</ind_PK_UK>
<ind_PK_UK id="B68F77BC-0C17-4E49-DA11-081258DDCB0D" name="MATRICULA_PERIODO_ACADEMICO_FK">
<createdBy>Krlos</createdBy>
<createdTime>2025-09-05 01:44:14 UTC</createdTime>
<generatorID>86E4D3BF-EB63-9721-14F7-C9D7C098B069</generatorID>
<ownerDesignName>EducaFuturo</ownerDesignName>
<indexState>Foreign Key</indexState>
<isSurrogateKey>false</isSurrogateKey>
<indexColumnUsage>
<colUsage columnID="74FA8BFE-862E-7409-804B-139AC17303B0"/>
</indexColumnUsage>
</ind_PK_UK>
<ind_PK_UK id="851C4BFF-1366-B86F-5B5F-C76DAB096F2E" name="MATRICULA_CARRERA_FK">
<createdBy>Krlos</createdBy>
<createdTime>2025-09-05 01:44:14 UTC</createdTime>
<generatorID>D1118F5D-0549-C70C-BF1C-A8FE2FEAE319</generatorID>
<ownerDesignName>EducaFuturo</ownerDesignName>
<indexState>Foreign Key</indexState>
<isSurrogateKey>false</isSurrogateKey>
<indexColumnUsage>
<colUsage columnID="C2971028-9C0B-373C-875C-D9BD54739D15"/>
</indexColumnUsage>
</ind_PK_UK>
</indexes>
</Table>