<?xml version = '1.0' encoding = 'UTF-8'?>
<Table class="oracle.dbtools.crest.model.design.relational.Table" directorySegmentName="seg_0" id="50EA694B-CD87-3B1D-4F6C-C1242CE2436D" name="CONTRATO">
<createdBy>Krlos</createdBy>
<createdTime>2025-09-05 01:44:14 UTC</createdTime>
<generatorID>A29F6B48-B1EC-8682-D845-8C76A3B79516</generatorID>
<ownerDesignName>EducaFuturo</ownerDesignName>
<allowColumnReorder>false</allowColumnReorder>
<existDependencyGenerateInDDl>true</existDependencyGenerateInDDl>
<parsed>true</parsed>
<columns itemClass="oracle.dbtools.crest.model.design.relational.Column">
<Column name="id_contrato" id="8A9C49C0-95B1-F579-8A6E-F4C5F0A939A8">
<createdBy>Krlos</createdBy>
<createdTime>2025-09-05 01:44:14 UTC</createdTime>
<generatorID>B6C94D78-FC8C-E994-B927-4A96203D1DBC</generatorID>
<ownerDesignName>EducaFuturo</ownerDesignName>
<useDomainConstraints>false</useDomainConstraints>
<use>1</use>
<logicalDatatype>LOGDT019</logicalDatatype>
<dataTypePrecision>2</dataTypePrecision>
<ownDataTypeParameters>,2,</ownDataTypeParameters>
<autoIncrementCycle>false</autoIncrementCycle>
</Column>
<Column name="fecha_inicio" id="26EFC044-C376-A450-6457-915348E2A5AD">
<createdBy>Krlos</createdBy>
<createdTime>2025-09-05 01:44:14 UTC</createdTime>
<generatorID>76CC6EF0-DA8B-B25F-481E-CAE5E4768437</generatorID>
<ownerDesignName>EducaFuturo</ownerDesignName>
<useDomainConstraints>false</useDomainConstraints>
<use>1</use>
<logicalDatatype>LOGDT007</logicalDatatype>
<ownDataTypeParameters>,,</ownDataTypeParameters>
<autoIncrementCycle>false</autoIncrementCycle>
</Column>
<Column name="fecha_termino" id="C64B8794-CE13-3160-1F68-A4DA6C0A20CD">
<createdBy>Krlos</createdBy>
<createdTime>2025-09-05 01:44:14 UTC</createdTime>
<generatorID>21556137-B7D1-34F4-296A-EF31DEA00833</generatorID>
<ownerDesignName>EducaFuturo</ownerDesignName>
<nullsAllowed>true</nullsAllowed>
<useDomainConstraints>false</useDomainConstraints>
<use>1</use>
<logicalDatatype>LOGDT007</logicalDatatype>
<ownDataTypeParameters>,,</ownDataTypeParameters>
<autoIncrementCycle>false</autoIncrementCycle>
</Column>
<Column name="jornada_horas" id="43172C35-585C-8DEA-D39D-2AD95E7462BB">
<createdBy>Krlos</createdBy>
<createdTime>2025-09-05 01:44:14 UTC</createdTime>
<generatorID>51821BEE-3563-9466-8456-2FE53BA72EB7</generatorID>
<ownerDesignName>EducaFuturo</ownerDesignName>
<useDomainConstraints>false</useDomainConstraints>
<use>1</use>
<logicalDatatype>LOGDT019</logicalDatatype>
<dataTypePrecision>2</dataTypePrecision>
<ownDataTypeParameters>,2,</ownDataTypeParameters>
<autoIncrementCycle>false</autoIncrementCycle>
</Column>
<Column name="estado" id="EC9A0F2E-E0FD-F854-091A-D8F404B745C4">
<createdBy>Krlos</createdBy>
<createdTime>2025-09-05 01:44:14 UTC</createdTime>
<generatorID>8833AEDF-93F5-F00F-1465-A9C80B450A8D</generatorID>
<ownerDesignName>EducaFuturo</ownerDesignName>
<useDomainConstraints>false</useDomainConstraints>
<use>1</use>
<logicalDatatype>LOGDT024</logicalDatatype>
<dataTypeSize>15</dataTypeSize>
<ownDataTypeParameters>15,,</ownDataTypeParameters>
<autoIncrementCycle>false</autoIncrementCycle>
</Column>
<Column name="REMUNERACION_id_remuneracion" id="9F66115E-1F84-B63E-C7B8-5E4BBCE9945A">
<createdBy>Krlos</createdBy>
<createdTime>2025-09-05 01:44:14 UTC</createdTime>
<generatorID>3DE4FAF1-0B83-2177-499E-6278E6C95F4B</generatorID>
<ownerDesignName>EducaFuturo</ownerDesignName>
<useDomainConstraints>false</useDomainConstraints>
<use>1</use>
<logicalDatatype>LOGDT019</logicalDatatype>
<dataTypePrecision>2</dataTypePrecision>
<ownDataTypeParameters>,,</ownDataTypeParameters>
<previousColumn>false</previousColumn>
<autoIncrementCycle>false</autoIncrementCycle>
<associations>
<colAssociation fkAssociation="C1F81228-5DAC-BD03-F878-473D151A7155" referredColumn="E1601ECD-1714-D0CE-FD6E-58AD4CB3CB4A"/>
</associations>
</Column>
<Column name="TIPO_CONTRATO_id_tipo_contrato" id="1A41608C-0600-0FD4-57D7-E59C35B0F337">
<createdBy>Krlos</createdBy>
<createdTime>2025-09-05 01:44:14 UTC</createdTime>
<generatorID>58CD7EE2-8142-FBCD-256F-B61289D14676</generatorID>
<ownerDesignName>EducaFuturo</ownerDesignName>
<useDomainConstraints>false</useDomainConstraints>
<use>1</use>
<logicalDatatype>LOGDT019</logicalDatatype>
<dataTypePrecision>2</dataTypePrecision>
<dataTypeScale>2</dataTypeScale>
<ownDataTypeParameters>,,</ownDataTypeParameters>
<previousColumn>false</previousColumn>
<autoIncrementCycle>false</autoIncrementCycle>
<associations>
<colAssociation fkAssociation="02805191-E43E-5946-279C-EFBF481DA4DA" referredColumn="D054B1CA-B7CC-9601-B3C9-3B9917E2E102"/>
</associations>
</Column>
</columns>
<indexes itemClass="oracle.dbtools.crest.model.design.relational.Index">
<ind_PK_UK id="6CF3AA8F-27CF-8199-8FB3-96581366A3B9" name="CONTRATO_PK">
<createdBy>Krlos</createdBy>
<createdTime>2025-09-05 01:44:14 UTC</createdTime>
<generatorID>11BC9CCF-67A7-0EAA-9C18-8F6D46374ACE</generatorID>
<ownerDesignName>EducaFuturo</ownerDesignName>
<pk>true</pk>
<indexState>Primary Constraint</indexState>
<isSurrogateKey>false</isSurrogateKey>
<indexColumnUsage>
<colUsage columnID="8A9C49C0-95B1-F579-8A6E-F4C5F0A939A8"/>
</indexColumnUsage>
</ind_PK_UK>
<ind_PK_UK id="2A005C40-3EF9-5A86-7F19-AD1AD114F66B" name="CONTRATO__IDX">
<createdBy>Krlos</createdBy>
<createdTime>2025-09-05 01:44:14 UTC</createdTime>
<ownerDesignName>EducaFuturo</ownerDesignName>
<indexState>Unique Plain Index</indexState>
<isSurrogateKey>false</isSurrogateKey>
<relationGeneratorID>5CE4BEE5-1BB7-E9B8-53D1-B73E96BCFF06</relationGeneratorID>
<indexColumnUsage>
<colUsage columnID="9F66115E-1F84-B63E-C7B8-5E4BBCE9945A"/>
</indexColumnUsage>
</ind_PK_UK>
<ind_PK_UK id="5B356C9A-AEB7-2EA6-78D9-D2787296F1AD" name="CONTRATO_REMUNERACION_FK">
<createdBy>Krlos</createdBy>
<createdTime>2025-09-05 01:44:14 UTC</createdTime>
<generatorID>5CE4BEE5-1BB7-E9B8-53D1-B73E96BCFF06</generatorID>
<ownerDesignName>EducaFuturo</ownerDesignName>
<indexState>Foreign Key</indexState>
<isSurrogateKey>false</isSurrogateKey>
<indexColumnUsage>
<colUsage columnID="9F66115E-1F84-B63E-C7B8-5E4BBCE9945A"/>
</indexColumnUsage>
</ind_PK_UK>
<ind_PK_UK id="D3BAE9EF-B1F8-436D-0988-3EA88C6C4DFC" name="CONTRATO_TIPO_CONTRATO_FK">
<createdBy>Krlos</createdBy>
<createdTime>2025-09-05 01:44:14 UTC</createdTime>
<generatorID>6862296E-2488-DBD0-CB6F-510F5122DEEF</generatorID>
<ownerDesignName>EducaFuturo</ownerDesignName>
<indexState>Foreign Key</indexState>
<isSurrogateKey>false</isSurrogateKey>
<indexColumnUsage>
<colUsage columnID="1A41608C-0600-0FD4-57D7-E59C35B0F337"/>
</indexColumnUsage>
</ind_PK_UK>
</indexes>
</Table>