<?xml version = '1.0' encoding = 'UTF-8'?>
<Table class="oracle.dbtools.crest.model.design.relational.Table" directorySegmentName="seg_0" id="7F7094C9-E332-07E6-9005-441BF9CA7D1A" name="ASIGNACION_BECA">
<createdBy>Krlos</createdBy>
<createdTime>2025-09-05 01:44:14 UTC</createdTime>
<generatorID>B0A71ED5-B883-E86D-AE95-1CACB9B2B926</generatorID>
<ownerDesignName>EducaFuturo</ownerDesignName>
<allowColumnReorder>false</allowColumnReorder>
<existDependencyGenerateInDDl>true</existDependencyGenerateInDDl>
<parsed>true</parsed>
<columns itemClass="oracle.dbtools.crest.model.design.relational.Column">
<Column name="id_asignacion" id="CFB450A2-BF1A-1CAD-B7D6-8779251488E3">
<createdBy>Krlos</createdBy>
<createdTime>2025-09-05 01:44:14 UTC</createdTime>
<generatorID>7201D794-80F3-B07C-1C10-6C970A1540E1</generatorID>
<ownerDesignName>EducaFuturo</ownerDesignName>
<useDomainConstraints>false</useDomainConstraints>
<use>1</use>
<logicalDatatype>LOGDT019</logicalDatatype>
<dataTypePrecision>5</dataTypePrecision>
<dataTypeScale>2</dataTypeScale>
<ownDataTypeParameters>,5,2</ownDataTypeParameters>
<autoIncrementCycle>false</autoIncrementCycle>
</Column>
<Column name="monto_otorgado" id="DBF9064C-3C7D-B001-C8F8-74B5F0C1EBC7">
<createdBy>Krlos</createdBy>
<createdTime>2025-09-05 01:44:14 UTC</createdTime>
<generatorID>0FC53193-397F-05EB-A051-13EE3932993C</generatorID>
<ownerDesignName>EducaFuturo</ownerDesignName>
<useDomainConstraints>false</useDomainConstraints>
<use>1</use>
<logicalDatatype>LOGDT019</logicalDatatype>
<dataTypePrecision>10</dataTypePrecision>
<dataTypeScale>2</dataTypeScale>
<ownDataTypeParameters>,10,2</ownDataTypeParameters>
<autoIncrementCycle>false</autoIncrementCycle>
</Column>
<Column name="estado" id="BC74622F-84C2-52E7-CA93-A51CCFFCF2D5">
<createdBy>Krlos</createdBy>
<createdTime>2025-09-05 01:44:14 UTC</createdTime>
<generatorID>7F913D29-7C54-FE0F-C4E4-E6C9930B4FD5</generatorID>
<ownerDesignName>EducaFuturo</ownerDesignName>
<useDomainConstraints>false</useDomainConstraints>
<use>1</use>
<logicalDatatype>LOGDT024</logicalDatatype>
<dataTypeSize>20</dataTypeSize>
<ownDataTypeParameters>20,,</ownDataTypeParameters>
<autoIncrementCycle>false</autoIncrementCycle>
</Column>
<Column name="fecha_asignacion" id="A68D4DAC-F662-B2AA-7593-E5430FEF040E">
<createdBy>Krlos</createdBy>
<createdTime>2025-09-05 01:44:14 UTC</createdTime>
<generatorID>94D457F5-8809-48D3-AAD4-A36D91E515DB</generatorID>
<ownerDesignName>EducaFuturo</ownerDesignName>
<useDomainConstraints>false</useDomainConstraints>
<use>1</use>
<logicalDatatype>LOGDT007</logicalDatatype>
<ownDataTypeParameters>,,</ownDataTypeParameters>
<autoIncrementCycle>false</autoIncrementCycle>
</Column>
<Column name="BECA_id_beca" id="5B217A3A-59F8-2BDD-541E-3AD9B1B221E9">
<createdBy>Krlos</createdBy>
<createdTime>2025-09-05 01:44:14 UTC</createdTime>
<generatorID>9AA712D7-55F9-90EB-E297-810627B20C7C</generatorID>
<ownerDesignName>EducaFuturo</ownerDesignName>
<useDomainConstraints>false</useDomainConstraints>
<use>1</use>
<logicalDatatype>LOGDT019</logicalDatatype>
<dataTypePrecision>10</dataTypePrecision>
<dataTypeScale>2</dataTypeScale>
<ownDataTypeParameters>,,</ownDataTypeParameters>
<previousColumn>false</previousColumn>
<autoIncrementCycle>false</autoIncrementCycle>
<associations>
<colAssociation fkAssociation="D7D14E2D-F5AA-A7B2-2825-00A6B962AFCC" referredColumn="A1B7D586-986F-99BE-F524-D80C6607D3D6"/>
</associations>
</Column>
<Column name="PERIODO_ACADEMICO_id_periodo" id="24A9F1EB-73FF-61F2-ACBB-E3C101A703C0">
<createdBy>Krlos</createdBy>
<createdTime>2025-09-05 01:44:14 UTC</createdTime>
<generatorID>64B3EFE9-E04B-5598-AEBD-9E575001AD97</generatorID>
<ownerDesignName>EducaFuturo</ownerDesignName>
<useDomainConstraints>false</useDomainConstraints>
<use>1</use>
<logicalDatatype>LOGDT019</logicalDatatype>
<dataTypePrecision>2</dataTypePrecision>
<dataTypeScale>2</dataTypeScale>
<ownDataTypeParameters>,,</ownDataTypeParameters>
<previousColumn>false</previousColumn>
<autoIncrementCycle>false</autoIncrementCycle>
<associations>
<colAssociation fkAssociation="451C3073-0D96-E2B6-9EFB-1AEF92F2CABC" referredColumn="7A56981B-728D-5488-2E95-D016F2252554"/>
</associations>
</Column>
</columns>
<indexes itemClass="oracle.dbtools.crest.model.design.relational.Index">
<ind_PK_UK id="A5856A4F-5123-4EC4-9629-50BE1D9625D0" name="ASIGNACION_BECA_PK">
<createdBy>Krlos</createdBy>
<createdTime>2025-09-05 01:44:14 UTC</createdTime>
<generatorID>3DB706E4-3BF4-1485-1642-40ACC1AC1F00</generatorID>
<ownerDesignName>EducaFuturo</ownerDesignName>
<pk>true</pk>
<indexState>Primary Constraint</indexState>
<isSurrogateKey>false</isSurrogateKey>
<indexColumnUsage>
<colUsage columnID="CFB450A2-BF1A-1CAD-B7D6-8779251488E3"/>
</indexColumnUsage>
</ind_PK_UK>
<ind_PK_UK id="0A0CE10A-6D5C-5124-1846-9AEA540D6078" name="ASIGNACION_BECA_PERIODO_ACADEMICO_FK">
<createdBy>Krlos</createdBy>
<createdTime>2025-09-05 01:44:14 UTC</createdTime>
<generatorID>809CDF1A-A6DE-9029-C86D-0F4C2F9510F7</generatorID>
<ownerDesignName>EducaFuturo</ownerDesignName>
<indexState>Foreign Key</indexState>
<isSurrogateKey>false</isSurrogateKey>
<indexColumnUsage>
<colUsage columnID="24A9F1EB-73FF-61F2-ACBB-E3C101A703C0"/>
</indexColumnUsage>
</ind_PK_UK>
<ind_PK_UK id="496B7683-09FC-DB9B-8F39-5899E7D93D8D" name="ASIGNACION_BECA_BECA_FK">
<createdBy>Krlos</createdBy>
<createdTime>2025-09-05 01:44:14 UTC</createdTime>
<generatorID>CA0F6DDE-87B2-0247-BE88-1D97FE906E52</generatorID>
<ownerDesignName>EducaFuturo</ownerDesignName>
<indexState>Foreign Key</indexState>
<isSurrogateKey>false</isSurrogateKey>
<indexColumnUsage>
<colUsage columnID="5B217A3A-59F8-2BDD-541E-3AD9B1B221E9"/>
</indexColumnUsage>
</ind_PK_UK>
</indexes>
</Table>