<?xml version = '1.0' encoding = 'UTF-8'?>
<Table class="oracle.dbtools.crest.model.design.relational.Table" directorySegmentName="seg_0" id="A9E1A7F8-C838-542A-6C54-D94655E7FE07" name="PERIODO_ACADEMICO">
<createdBy>Krlos</createdBy>
<createdTime>2025-09-05 01:44:14 UTC</createdTime>
<generatorID>A639A4A3-899B-ACEF-38C4-F3ECFC63B2D7</generatorID>
<ownerDesignName>EducaFuturo</ownerDesignName>
<allowColumnReorder>false</allowColumnReorder>
<existDependencyGenerateInDDl>true</existDependencyGenerateInDDl>
<parsed>true</parsed>
<columns itemClass="oracle.dbtools.crest.model.design.relational.Column">
<Column name="id_periodo" id="7A56981B-728D-5488-2E95-D016F2252554">
<createdBy>Krlos</createdBy>
<createdTime>2025-09-05 01:44:14 UTC</createdTime>
<generatorID>76295747-5BDD-5DA7-F427-45C35554315C</generatorID>
<ownerDesignName>EducaFuturo</ownerDesignName>
<useDomainConstraints>false</useDomainConstraints>
<use>1</use>
<logicalDatatype>LOGDT019</logicalDatatype>
<dataTypePrecision>2</dataTypePrecision>
<dataTypeScale>2</dataTypeScale>
<ownDataTypeParameters>,2,2</ownDataTypeParameters>
<autoIncrementCycle>false</autoIncrementCycle>
</Column>
<Column name="anio" id="C113098F-ECDC-C034-26DE-39E3736AB244">
<createdBy>Krlos</createdBy>
<createdTime>2025-09-05 01:44:14 UTC</createdTime>
<generatorID>3721852F-7B1B-93C7-6AF9-2CCA67F9CDE9</generatorID>
<ownerDesignName>EducaFuturo</ownerDesignName>
<useDomainConstraints>false</useDomainConstraints>
<use>1</use>
<logicalDatatype>LOGDT019</logicalDatatype>
<dataTypePrecision>4</dataTypePrecision>
<ownDataTypeParameters>,4,</ownDataTypeParameters>
<autoIncrementCycle>false</autoIncrementCycle>
</Column>
<Column name="tipo" id="D73301D4-6686-D2AF-9DDA-D64E315897A0">
<createdBy>Krlos</createdBy>
<createdTime>2025-09-05 01:44:14 UTC</createdTime>
<generatorID>C31FDB06-27A0-F921-DD2E-D102CEDC438B</generatorID>
<ownerDesignName>EducaFuturo</ownerDesignName>
<useDomainConstraints>false</useDomainConstraints>
<use>1</use>
<logicalDatatype>LOGDT024</logicalDatatype>
<dataTypeSize>15</dataTypeSize>
<ownDataTypeParameters>15,,</ownDataTypeParameters>
<autoIncrementCycle>false</autoIncrementCycle>
</Column>
<Column name="fecha_inicio" id="0C461BB5-EB31-BD8E-BFF8-969D80017195">
<createdBy>Krlos</createdBy>
<createdTime>2025-09-05 01:44:14 UTC</createdTime>
<generatorID>DC4E77D1-AD1B-0E04-73C2-9D5452CF3E65</generatorID>
<ownerDesignName>EducaFuturo</ownerDesignName>
<useDomainConstraints>false</useDomainConstraints>
<use>1</use>
<logicalDatatype>LOGDT007</logicalDatatype>
<ownDataTypeParameters>,,</ownDataTypeParameters>
<autoIncrementCycle>false</autoIncrementCycle>
</Column>
<Column name="fecha_fin" id="F5EA5ECC-5981-FC5B-39EC-8738399848CE">
<createdBy>Krlos</createdBy>
<createdTime>2025-09-05 01:44:14 UTC</createdTime>
<generatorID>61BA5D01-EC15-974B-3CD8-080FD3ADD269</generatorID>
<ownerDesignName>EducaFuturo</ownerDesignName>
<useDomainConstraints>false</useDomainConstraints>
<use>1</use>
<logicalDatatype>LOGDT007</logicalDatatype>
<ownDataTypeParameters>,,</ownDataTypeParameters>
<autoIncrementCycle>false</autoIncrementCycle>
</Column>
<Column name="estado" id="76704168-7524-28FA-2021-9BB990A0695E">
<createdBy>Krlos</createdBy>
<createdTime>2025-09-05 01:44:14 UTC</createdTime>
<generatorID>9D6115D4-4A01-4406-169C-CF391C75FFE2</generatorID>
<ownerDesignName>EducaFuturo</ownerDesignName>
<useDomainConstraints>false</useDomainConstraints>
<use>1</use>
<logicalDatatype>LOGDT024</logicalDatatype>
<dataTypeSize>25</dataTypeSize>
<ownDataTypeParameters>25,,</ownDataTypeParameters>
<autoIncrementCycle>false</autoIncrementCycle>
</Column>
</columns>
<indexes itemClass="oracle.dbtools.crest.model.design.relational.Index">
<ind_PK_UK id="EB90AB5D-4D2B-DDA9-86D7-C4A0F112E39B" name="PERIODO_ACADEMICO_PK">
<createdBy>Krlos</createdBy>
<createdTime>2025-09-05 01:44:14 UTC</createdTime>
<generatorID>E2E0AD1A-CF06-0E55-2E39-2242C624C66B</generatorID>
<ownerDesignName>EducaFuturo</ownerDesignName>
<pk>true</pk>
<indexState>Primary Constraint</indexState>
<isSurrogateKey>false</isSurrogateKey>
<indexColumnUsage>
<colUsage columnID="7A56981B-728D-5488-2E95-D016F2252554"/>
</indexColumnUsage>
</ind_PK_UK>
</indexes>
</Table>