<?xml version = '1.0' encoding = 'UTF-8'?>
<Diagram class="oracle.dbtools.crest.swingui.logical.DPVLogical" name="Logical" id="283EAC07-A0AF-EAA4-448C-108345CAFBC1">
<createdBy>Krlos</createdBy>
<modifiedBy>Krlos</modifiedBy>
<createdTime>2025-09-02 22:46:10 UTC</createdTime>
<autoRoute>false</autoRoute>
<boxInbox>true</boxInbox>
<showLegend>false</showLegend>
<showLabels>false</showLabels>
<showRelAttributes>false</showRelAttributes>
<gridEnabled>false</gridEnabled>
<showGrid>false</showGrid>
<diagramColor>-1</diagramColor>
<display>false</display>
<notation>1</notation>
<objectViews>
<OView class="oracle.dbtools.crest.swingui.logical.TVEntity" oid="1427CA95-D019-66C9-79AA-88648219A7FA" otype="Entity" vid="0AC77EEF-EDC1-6BB4-5996-9D9CAFFBDAAB">
<hideElementsInCurrentOnly>false</hideElementsInCurrentOnly>
<bounds x="289" y="928" width="142" height="119"/>
</OView>
<OView class="oracle.dbtools.crest.swingui.logical.TVEntity" oid="31EF51A1-D917-3230-F40B-639477CC5C4A" otype="Entity" vid="58545551-80A9-DFDB-968E-1705254D95BF">
<hideElementsInCurrentOnly>false</hideElementsInCurrentOnly>
<bounds x="535" y="727" width="151" height="142"/>
</OView>
<OView class="oracle.dbtools.crest.swingui.logical.TVEntity" oid="52C8B44A-682A-3553-4532-24FBCACE70E3" otype="Entity" vid="6B2B124D-7D0F-ED93-F346-95B712300E5D">
<hideElementsInCurrentOnly>false</hideElementsInCurrentOnly>
<bounds x="59" y="49" width="158" height="145"/>
</OView>
<OView class="oracle.dbtools.crest.swingui.logical.TVEntity" oid="54E0ED82-3FFA-FD17-1A7A-B193AC44B7ED" otype="Entity" vid="C94B6E16-6430-D915-B629-BEB9D62B7A3C">
<hideElementsInCurrentOnly>false</hideElementsInCurrentOnly>
<bounds x="983" y="996" width="176" height="168"/>
</OView>
<OView class="oracle.dbtools.crest.swingui.logical.TVEntity" oid="5ADCECF9-0AE3-05B2-6F32-20CB44A4E4C9" otype="Entity" vid="2246C13E-969A-7B36-0929-1D5DD739D9C0">
<hideElementsInCurrentOnly>false</hideElementsInCurrentOnly>
<bounds x="893" y="721" width="152" height="131"/>
</OView>
<OView class="oracle.dbtools.crest.swingui.logical.TVEntity" oid="5EC0D818-6695-ECE0-B4F0-7DFECFEF8861" otype="Entity" vid="B8D97F04-CC47-047B-ADA9-34407F6FE715">
<hideElementsInCurrentOnly>false</hideElementsInCurrentOnly>
<bounds x="41" y="271" width="193" height="191"/>
</OView>
<OView class="oracle.dbtools.crest.swingui.logical.TVEntity" oid="75154F04-977C-601D-C477-4E83420E36C5" otype="Entity" vid="7A1B5FAD-328C-B459-B238-0669E669A764">
<hideElementsInCurrentOnly>false</hideElementsInCurrentOnly>
<bounds x="1364" y="236" width="134" height="129"/>
</OView>
<OView class="oracle.dbtools.crest.swingui.logical.TVEntity" oid="75A29FAB-850A-DDF2-CB86-503DE4658A74" otype="Entity" vid="1953A4CB-450A-6B26-70A1-428F6C58DFE8">
<hideElementsInCurrentOnly>false</hideElementsInCurrentOnly>
<bounds x="295" y="451" width="154" height="135"/>
</OView>
<OView class="oracle.dbtools.crest.swingui.logical.TVEntity" oid="A29F6B48-B1EC-8682-D845-8C76A3B79516" otype="Entity" vid="EF98DB61-CD42-6FEE-223E-5C8BA6299561">
<hideElementsInCurrentOnly>false</hideElementsInCurrentOnly>
<bounds x="369" y="171" width="116" height="122"/>
</OView>
<OView class="oracle.dbtools.crest.swingui.logical.TVEntity" oid="A639A4A3-899B-ACEF-38C4-F3ECFC63B2D7" otype="Entity" vid="A4F7BDBF-0742-D1BC-6D73-9792C2CA19E6">
<hideElementsInCurrentOnly>false</hideElementsInCurrentOnly>
<bounds x="1051" y="239" width="170" height="162"/>
</OView>
<OView class="oracle.dbtools.crest.swingui.logical.TVEntity" oid="B0A71ED5-B883-E86D-AE95-1CACB9B2B926" otype="Entity" vid="CA41F14D-1019-F3D1-F9AA-F1CBE1FDBAE3">
<hideElementsInCurrentOnly>false</hideElementsInCurrentOnly>
<bounds x="1191" y="483" width="186" height="158"/>
</OView>
<OView class="oracle.dbtools.crest.swingui.logical.TVEntity" oid="C629A0CE-4C66-EEC6-6E2A-09177848ED9E" otype="Entity" vid="A1EA26E6-DA58-3855-D074-858991072AA7">
<hideElementsInCurrentOnly>false</hideElementsInCurrentOnly>
<bounds x="545" y="465" width="152" height="128"/>
</OView>
<OView class="oracle.dbtools.crest.swingui.logical.TVEntity" oid="E33BFC5E-70C3-19B7-A827-77B29ABE5184" otype="Entity" vid="BE47EDE5-214A-9CD6-A227-2F821ECFB01C">
<hideElementsInCurrentOnly>false</hideElementsInCurrentOnly>
<bounds x="797" y="22" width="149" height="130"/>
</OView>
<OView class="oracle.dbtools.crest.swingui.logical.TVEntity" oid="E6B3AA72-9CBC-A711-E0A6-4793518FC731" otype="Entity" vid="168E03D1-13D0-35B5-E99A-A32221BC3089">
<hideElementsInCurrentOnly>false</hideElementsInCurrentOnly>
<bounds x="548" y="25" width="149" height="130"/>
</OView>
<OView class="oracle.dbtools.crest.swingui.logical.TVEntity" oid="F3C31D63-A416-6650-F44A-D57233273172" otype="Entity" vid="E15DCCB2-20E0-43D2-58B3-D45C0F4D304F">
<hideElementsInCurrentOnly>false</hideElementsInCurrentOnly>
<bounds x="1033" y="14" width="149" height="141"/>
</OView>
<OView class="oracle.dbtools.crest.swingui.logical.TVEntity" oid="FA31E9A0-14FA-9444-5161-FCC57A8E4D31" otype="Entity" vid="AEAF1DEA-8FED-17AD-8FF7-54E1DA5DC322">
<hideElementsInCurrentOnly>false</hideElementsInCurrentOnly>
<bounds x="1142" y="712" width="160" height="164"/>
</OView>
<OView class="oracle.dbtools.crest.swingui.logical.TVEntity" oid="FE5A1BE7-7508-6BAC-FD2C-9B2408F5FE03" otype="Entity" vid="1348E760-AC61-AC89-4C69-8C2C6D50B005">
<hideElementsInCurrentOnly>false</hideElementsInCurrentOnly>
<bounds x="1619" y="155" width="361" height="322"/>
</OView>
</objectViews>
<connectors>
<Connector class="oracle.dbtools.crest.swingui.logical.TVRelation" oid="238E4CA5-5E98-429B-BCB1-B0A0A6480BDD" otype="Relation" vid_source="1953A4CB-450A-6B26-70A1-428F6C58DFE8" vid_target="0AC77EEF-EDC1-6BB4-5996-9D9CAFFBDAAB">
<hideElementsInCurrentOnly>false</hideElementsInCurrentOnly>
<backgroundColor>-16777216</backgroundColor>
<lineWidth>1</lineWidth>
<points>
<point x="363" y="586"/>
<point x="363" y="928"/>
</points>
</Connector>
<Connector class="oracle.dbtools.crest.swingui.logical.TVRelation" oid="4D37CF48-C869-9498-2204-A2DBC7E3154F" otype="Relation" vid_source="EF98DB61-CD42-6FEE-223E-5C8BA6299561" vid_target="1953A4CB-450A-6B26-70A1-428F6C58DFE8">
<hideElementsInCurrentOnly>false</hideElementsInCurrentOnly>
<backgroundColor>-16777216</backgroundColor>
<lineWidth>1</lineWidth>
<points>
<point x="409" y="293"/>
<point x="409" y="451"/>
</points>
</Connector>
<Connector class="oracle.dbtools.crest.swingui.logical.TVRelation" oid="5CE4BEE5-1BB7-E9B8-53D1-B73E96BCFF06" otype="Relation" vid_source="6B2B124D-7D0F-ED93-F346-95B712300E5D" vid_target="EF98DB61-CD42-6FEE-223E-5C8BA6299561">
<hideElementsInCurrentOnly>false</hideElementsInCurrentOnly>
<backgroundColor>-16777216</backgroundColor>
<lineWidth>1</lineWidth>
<points>
<point x="217" y="182"/>
<point x="369" y="182"/>
</points>
</Connector>
<Connector class="oracle.dbtools.crest.swingui.logical.TVRelation" oid="6862296E-2488-DBD0-CB6F-510F5122DEEF" otype="Relation" vid_source="B8D97F04-CC47-047B-ADA9-34407F6FE715" vid_target="EF98DB61-CD42-6FEE-223E-5C8BA6299561">
<hideElementsInCurrentOnly>false</hideElementsInCurrentOnly>
<backgroundColor>-16777216</backgroundColor>
<lineWidth>1</lineWidth>
<points>
<point x="234" y="282"/>
<point x="369" y="282"/>
</points>
</Connector>
<Connector class="oracle.dbtools.crest.swingui.logical.TVRelation" oid="686D875E-DB3C-38D5-1021-F394C44B2280" otype="Relation" vid_source="A1EA26E6-DA58-3855-D074-858991072AA7" vid_target="2246C13E-969A-7B36-0929-1D5DD739D9C0">
<hideElementsInCurrentOnly>false</hideElementsInCurrentOnly>
<backgroundColor>-16777216</backgroundColor>
<lineWidth>1</lineWidth>
<points>
<point x="697" y="571"/>
<point x="960" y="571"/>
<point x="960" y="721"/>
</points>
</Connector>
<Connector class="oracle.dbtools.crest.swingui.logical.TVRelation" oid="7D14B4A0-D99A-14AE-1E62-97E25FD22072" otype="Relation" vid_source="C94B6E16-6430-D915-B629-BEB9D62B7A3C" vid_target="2246C13E-969A-7B36-0929-1D5DD739D9C0">
<hideElementsInCurrentOnly>false</hideElementsInCurrentOnly>
<backgroundColor>-16777216</backgroundColor>
<lineWidth>1</lineWidth>
<points>
<point x="1014" y="996"/>
<point x="1014" y="852"/>
</points>
</Connector>
<Connector class="oracle.dbtools.crest.swingui.logical.TVRelation" oid="809CDF1A-A6DE-9029-C86D-0F4C2F9510F7" otype="Relation" vid_source="A4F7BDBF-0742-D1BC-6D73-9792C2CA19E6" vid_target="CA41F14D-1019-F3D1-F9AA-F1CBE1FDBAE3">
<hideElementsInCurrentOnly>false</hideElementsInCurrentOnly>
<backgroundColor>-16777216</backgroundColor>
<lineWidth>1</lineWidth>
<points>
<point x="1206" y="401"/>
<point x="1206" y="483"/>
</points>
</Connector>
<Connector class="oracle.dbtools.crest.swingui.logical.TVRelation" oid="86E4D3BF-EB63-9721-14F7-C9D7C098B069" otype="Relation" vid_source="A4F7BDBF-0742-D1BC-6D73-9792C2CA19E6" vid_target="E15DCCB2-20E0-43D2-58B3-D45C0F4D304F">
<hideElementsInCurrentOnly>false</hideElementsInCurrentOnly>
<backgroundColor>-16777216</backgroundColor>
<lineWidth>1</lineWidth>
<points>
<point x="1116" y="239"/>
<point x="1116" y="155"/>
</points>
</Connector>
<Connector class="oracle.dbtools.crest.swingui.logical.TVRelation" oid="90C1C553-E06C-AD40-618E-5EB9ACBBB908" otype="Relation" vid_source="C94B6E16-6430-D915-B629-BEB9D62B7A3C" vid_target="AEAF1DEA-8FED-17AD-8FF7-54E1DA5DC322">
<hideElementsInCurrentOnly>false</hideElementsInCurrentOnly>
<backgroundColor>-16777216</backgroundColor>
<lineWidth>1</lineWidth>
<points>
<point x="1150" y="996"/>
<point x="1150" y="876"/>
</points>
</Connector>
<Connector class="oracle.dbtools.crest.swingui.logical.TVRelation" oid="97C40B6B-4299-6439-D030-2D6E55567349" otype="Relation" vid_source="58545551-80A9-DFDB-968E-1705254D95BF" vid_target="2246C13E-969A-7B36-0929-1D5DD739D9C0">
<hideElementsInCurrentOnly>false</hideElementsInCurrentOnly>
<backgroundColor>-16777216</backgroundColor>
<lineWidth>1</lineWidth>
<points>
<point x="686" y="789"/>
<point x="893" y="789"/>
</points>
</Connector>
<Connector class="oracle.dbtools.crest.swingui.logical.TVRelation" oid="A80DA039-6B5D-E79C-999F-17502930DB1A" otype="Relation" vid_source="A4F7BDBF-0742-D1BC-6D73-9792C2CA19E6" vid_target="7A1B5FAD-328C-B459-B238-0669E669A764">
<hideElementsInCurrentOnly>false</hideElementsInCurrentOnly>
<backgroundColor>-16777216</backgroundColor>
<lineWidth>1</lineWidth>
<points>
<point x="1221" y="302"/>
<point x="1364" y="302"/>
</points>
</Connector>
<Connector class="oracle.dbtools.crest.swingui.logical.TVRelation" oid="B8461B31-942F-64E9-5FBF-8819CD5C2334" otype="Relation" vid_source="1348E760-AC61-AC89-4C69-8C2C6D50B005" vid_target="7A1B5FAD-328C-B459-B238-0669E669A764">
<hideElementsInCurrentOnly>false</hideElementsInCurrentOnly>
<backgroundColor>-16777216</backgroundColor>
<lineWidth>1</lineWidth>
<points>
<point x="1619" y="300"/>
<point x="1498" y="300"/>
</points>
</Connector>
<Connector class="oracle.dbtools.crest.swingui.logical.TVRelation" oid="B9EA7089-E57E-A4B9-FABE-54870D6B6E7E" otype="Relation" vid_source="168E03D1-13D0-35B5-E99A-A32221BC3089" vid_target="A1EA26E6-DA58-3855-D074-858991072AA7">
<hideElementsInCurrentOnly>false</hideElementsInCurrentOnly>
<backgroundColor>-16777216</backgroundColor>
<lineWidth>1</lineWidth>
<points>
<point x="622" y="155"/>
<point x="622" y="465"/>
</points>
</Connector>
<Connector class="oracle.dbtools.crest.swingui.logical.TVRelation" oid="CA0F6DDE-87B2-0247-BE88-1D97FE906E52" otype="Relation" vid_source="AEAF1DEA-8FED-17AD-8FF7-54E1DA5DC322" vid_target="CA41F14D-1019-F3D1-F9AA-F1CBE1FDBAE3">
<hideElementsInCurrentOnly>false</hideElementsInCurrentOnly>
<backgroundColor>-16777216</backgroundColor>
<lineWidth>1</lineWidth>
<points>
<point x="1246" y="712"/>
<point x="1246" y="641"/>
</points>
</Connector>
<Connector class="oracle.dbtools.crest.swingui.logical.TVRelation" oid="CB3FB4D1-987F-0928-A1EF-B0FE496BC018" otype="Relation" vid_source="1953A4CB-450A-6B26-70A1-428F6C58DFE8" vid_target="A1EA26E6-DA58-3855-D074-858991072AA7">
<hideElementsInCurrentOnly>false</hideElementsInCurrentOnly>
<backgroundColor>-16777216</backgroundColor>
<lineWidth>1</lineWidth>
<points>
<point x="449" y="525"/>
<point x="545" y="525"/>
</points>
</Connector>
<Connector class="oracle.dbtools.crest.swingui.logical.TVRelation" oid="CF0B6519-F79B-4ECA-C297-67BE0D97ECF8" otype="Relation" vid_source="C94B6E16-6430-D915-B629-BEB9D62B7A3C" vid_target="1348E760-AC61-AC89-4C69-8C2C6D50B005">
<hideElementsInCurrentOnly>false</hideElementsInCurrentOnly>
<backgroundColor>-16777216</backgroundColor>
<lineWidth>1</lineWidth>
<points>
<point x="1159" y="1063"/>
<point x="1925" y="1063"/>
<point x="1925" y="477"/>
</points>
</Connector>
<Connector class="oracle.dbtools.crest.swingui.logical.TVRelation" oid="D1118F5D-0549-C70C-BF1C-A8FE2FEAE319" otype="Relation" vid_source="BE47EDE5-214A-9CD6-A227-2F821ECFB01C" vid_target="E15DCCB2-20E0-43D2-58B3-D45C0F4D304F">
<hideElementsInCurrentOnly>false</hideElementsInCurrentOnly>
<backgroundColor>-16777216</backgroundColor>
<lineWidth>1</lineWidth>
<points>
<point x="946" y="87"/>
<point x="1033" y="87"/>
</points>
</Connector>
<Connector class="oracle.dbtools.crest.swingui.logical.TVRelation" oid="D6CF32B9-CC3E-E46C-4063-4F68FA84F596" otype="Relation" vid_source="C94B6E16-6430-D915-B629-BEB9D62B7A3C" vid_target="0AC77EEF-EDC1-6BB4-5996-9D9CAFFBDAAB">
<hideElementsInCurrentOnly>false</hideElementsInCurrentOnly>
<backgroundColor>-16777216</backgroundColor>
<lineWidth>1</lineWidth>
<points>
<point x="983" y="1021"/>
<point x="431" y="1021"/>
</points>
</Connector>
<Connector class="oracle.dbtools.crest.swingui.logical.TVRelation" oid="E4E9F201-DA31-7340-01FB-B517629933DA" otype="Relation" vid_source="BE47EDE5-214A-9CD6-A227-2F821ECFB01C" vid_target="168E03D1-13D0-35B5-E99A-A32221BC3089">
<hideElementsInCurrentOnly>false</hideElementsInCurrentOnly>
<backgroundColor>-16777216</backgroundColor>
<lineWidth>1</lineWidth>
<points>
<point x="797" y="88"/>
<point x="697" y="88"/>
</points>
</Connector>
<Connector class="oracle.dbtools.crest.swingui.logical.TVRelation" oid="F7242B57-EAC7-EA3F-92D0-6ABD59F5FD05" otype="Relation" vid_source="1348E760-AC61-AC89-4C69-8C2C6D50B005" vid_target="E15DCCB2-20E0-43D2-58B3-D45C0F4D304F">
<hideElementsInCurrentOnly>false</hideElementsInCurrentOnly>
<backgroundColor>-16777216</backgroundColor>
<lineWidth>1</lineWidth>
<points>
<point x="1619" y="155"/>
<point x="1182" y="155"/>
</points>
</Connector>
</connectors>
<arcs>
<Arc class="oracle.dbtools.crest.swingui.logical.TVArc" oid="AAD98059-3A7D-357E-CE3F-4B3B09F2C73C" otype="Arc" vid="1957160D-9441-2A8E-9BD6-D5A793969FBD">
<hideElementsInCurrentOnly>false</hideElementsInCurrentOnly>
<bounds x="1599" y="135" width="401" height="362"/>
</Arc>
</arcs>
</Diagram>