<?xml version = '1.0' encoding = 'UTF-8'?>
<Table class="oracle.dbtools.crest.model.design.relational.Table" directorySegmentName="seg_0" id="21F661E1-EBBA-D35F-4047-1AFECDD76E83" name="EV_DESEMPEÑO_DC">
<createdBy>Krlos</createdBy>
<createdTime>2025-09-05 01:44:14 UTC</createdTime>
<generatorID>1427CA95-D019-66C9-79AA-88648219A7FA</generatorID>
<ownerDesignName>EducaFuturo_relacional</ownerDesignName>
<allowColumnReorder>false</allowColumnReorder>
<existDependencyGenerateInDDl>true</existDependencyGenerateInDDl>
<parsed>true</parsed>
<columns itemClass="oracle.dbtools.crest.model.design.relational.Column">
<Column name="DOCENTE_rut_docente" id="F7A550F9-D61D-503A-37ED-B61CEC530893">
<createdBy>Krlos</createdBy>
<createdTime>2025-09-05 01:44:14 UTC</createdTime>
<generatorID>C3C9EEBE-F4CE-FB8D-52A4-A73BADBF3F99</generatorID>
<ownerDesignName>EducaFuturo_relacional</ownerDesignName>
<useDomainConstraints>false</useDomainConstraints>
<use>1</use>
<logicalDatatype>LOGDT019</logicalDatatype>
<dataTypePrecision>2</dataTypePrecision>
<ownDataTypeParameters>,2,</ownDataTypeParameters>
<previousColumn>false</previousColumn>
<autoIncrementCycle>false</autoIncrementCycle>
<associations>
<colAssociation fkAssociation="6BB47604-5151-86C3-AE10-CBA61E6D2711" referredColumn="E8BB8CB3-A396-0D50-7A23-81EEAC82CAA6"/>
</associations>
</Column>
<Column name="DOCENTE_CONTRATO_id_contrato" id="F942FABC-5C54-0EFA-2FC5-548D997BFDF9">
<createdBy>Krlos</createdBy>
<createdTime>2025-09-05 01:44:14 UTC</createdTime>
<generatorID>84346C02-AEDF-0262-3975-C54215562956</generatorID>
<ownerDesignName>EducaFuturo_relacional</ownerDesignName>
<useDomainConstraints>false</useDomainConstraints>
<use>1</use>
<logicalDatatype>LOGDT019</logicalDatatype>
<dataTypePrecision>2</dataTypePrecision>
<ownDataTypeParameters>,2,</ownDataTypeParameters>
<previousColumn>false</previousColumn>
<autoIncrementCycle>false</autoIncrementCycle>
<associations>
<colAssociation fkAssociation="6BB47604-5151-86C3-AE10-CBA61E6D2711" referredColumn="C5856BEB-6BCA-93D9-B514-0B2CF6781CDE"/>
</associations>
</Column>
<Column name="id_eval" id="422F822D-04D3-19E5-9539-B0CAA55AD300">
<createdBy>Krlos</createdBy>
<createdTime>2025-09-05 01:44:14 UTC</createdTime>
<generatorID>B4087640-A69B-47A1-6442-920A0BFCF685</generatorID>
<ownerDesignName>EducaFuturo_relacional</ownerDesignName>
<useDomainConstraints>false</useDomainConstraints>
<use>1</use>
<logicalDatatype>LOGDT019</logicalDatatype>
<dataTypePrecision>2</dataTypePrecision>
<dataTypeScale>2</dataTypeScale>
<ownDataTypeParameters>,2,2</ownDataTypeParameters>
<autoIncrementCycle>false</autoIncrementCycle>
</Column>
<Column name="fecha_ev" id="7272082C-0E99-79AB-EC48-F9EFD00EA981">
<createdBy>Krlos</createdBy>
<createdTime>2025-09-05 01:44:14 UTC</createdTime>
<generatorID>D6B78D86-0273-E611-232E-1DC512AD82E9</generatorID>
<ownerDesignName>EducaFuturo_relacional</ownerDesignName>
<useDomainConstraints>false</useDomainConstraints>
<use>1</use>
<logicalDatatype>LOGDT007</logicalDatatype>
<ownDataTypeParameters>,,</ownDataTypeParameters>
<autoIncrementCycle>false</autoIncrementCycle>
</Column>
<Column name="ptje_global" id="2624FAAD-78F9-67FC-9CD5-220495EB2A80">
<createdBy>Krlos</createdBy>
<createdTime>2025-09-05 01:44:14 UTC</createdTime>
<generatorID>86B8B863-CA6A-93DD-658F-5DA95020490A</generatorID>
<ownerDesignName>EducaFuturo_relacional</ownerDesignName>
<useDomainConstraints>false</useDomainConstraints>
<use>1</use>
<logicalDatatype>LOGDT019</logicalDatatype>
<dataTypePrecision>3</dataTypePrecision>
<dataTypeScale>1</dataTypeScale>
<ownDataTypeParameters>,3,1</ownDataTypeParameters>
<autoIncrementCycle>false</autoIncrementCycle>
</Column>
<Column name="obs" id="08996BBE-2F15-F51E-DF3A-EFA3CFF8D53D">
<createdBy>Krlos</createdBy>
<createdTime>2025-09-05 01:44:14 UTC</createdTime>
<generatorID>C6E4EEF6-7D51-33F3-4ACA-351990ED538B</generatorID>
<ownerDesignName>EducaFuturo_relacional</ownerDesignName>
<useDomainConstraints>false</useDomainConstraints>
<use>1</use>
<logicalDatatype>LOGDT024</logicalDatatype>
<dataTypeSize>300</dataTypeSize>
<ownDataTypeParameters>300,,</ownDataTypeParameters>
<autoIncrementCycle>false</autoIncrementCycle>
</Column>
<Column name="estado" id="BD39F9C3-1701-FF3A-C279-17392791B678">
<createdBy>Krlos</createdBy>
<createdTime>2025-09-05 01:44:14 UTC</createdTime>
<generatorID>D6775981-E6E4-F6B6-EBEC-1DD09E2644E1</generatorID>
<ownerDesignName>EducaFuturo_relacional</ownerDesignName>
<useDomainConstraints>false</useDomainConstraints>
<use>1</use>
<logicalDatatype>LOGDT024</logicalDatatype>
<dataTypeSize>15</dataTypeSize>
<ownDataTypeParameters>15,,</ownDataTypeParameters>
<autoIncrementCycle>false</autoIncrementCycle>
</Column>
<Column name="ESTUDIANTE_rut_estudiante" id="386A3F62-0E78-9D95-5A34-F2EEF3A31FD2">
<createdBy>Krlos</createdBy>
<createdTime>2025-09-05 01:44:14 UTC</createdTime>
<generatorID>9C71F2EF-1717-76ED-BEF1-FC02C08A33ED</generatorID>
<ownerDesignName>EducaFuturo_relacional</ownerDesignName>
<useDomainConstraints>false</useDomainConstraints>
<use>1</use>
<logicalDatatype>LOGDT019</logicalDatatype>
<dataTypePrecision>8</dataTypePrecision>
<ownDataTypeParameters>,8,</ownDataTypeParameters>
<previousColumn>false</previousColumn>
<autoIncrementCycle>false</autoIncrementCycle>
<associations>
<colAssociation fkAssociation="BF66783F-3016-4AC7-E7E4-7E8ABD9FF18C" referredColumn="E3BA10F7-D05D-5B68-EA49-7AE901AAFF6E"/>
</associations>
</Column>
</columns>
<indexes itemClass="oracle.dbtools.crest.model.design.relational.Index">
<ind_PK_UK id="B20DB031-91CF-EDA4-79DF-22BC8619199B" name="EV_DESEMPEÑO_DC_PK">
<createdBy>Krlos</createdBy>
<createdTime>2025-09-05 01:44:14 UTC</createdTime>
<generatorID>B5276528-3AF4-EC02-0EBD-89844AC7FCD1</generatorID>
<ownerDesignName>EducaFuturo_relacional</ownerDesignName>
<pk>true</pk>
<indexState>Primary Constraint</indexState>
<isSurrogateKey>false</isSurrogateKey>
<indexColumnUsage>
<colUsage columnID="422F822D-04D3-19E5-9539-B0CAA55AD300"/>
</indexColumnUsage>
</ind_PK_UK>
<ind_PK_UK id="3A3D7D79-D927-2E80-03B4-4520160A0FEA" name="EV_DESEMPEÑO_DC_DOCENTE_FK">
<createdBy>Krlos</createdBy>
<createdTime>2025-09-05 01:44:14 UTC</createdTime>
<generatorID>238E4CA5-5E98-429B-BCB1-B0A0A6480BDD</generatorID>
<ownerDesignName>EducaFuturo_relacional</ownerDesignName>
<indexState>Foreign Key</indexState>
<isSurrogateKey>false</isSurrogateKey>
<indexColumnUsage>
<colUsage columnID="F7A550F9-D61D-503A-37ED-B61CEC530893"/>
<colUsage columnID="F942FABC-5C54-0EFA-2FC5-548D997BFDF9"/>
</indexColumnUsage>
</ind_PK_UK>
<ind_PK_UK id="7BE56AF8-C098-BCE4-838A-07876DF7A29A" name="EV_DESEMPEÑO_DC_ESTUDIANTE_FK">
<createdBy>Krlos</createdBy>
<createdTime>2025-09-05 01:44:14 UTC</createdTime>
<generatorID>D6CF32B9-CC3E-E46C-4063-4F68FA84F596</generatorID>
<ownerDesignName>EducaFuturo_relacional</ownerDesignName>
<indexState>Foreign Key</indexState>
<isSurrogateKey>false</isSurrogateKey>
<indexColumnUsage>
<colUsage columnID="386A3F62-0E78-9D95-5A34-F2EEF3A31FD2"/>
</indexColumnUsage>
</ind_PK_UK>
</indexes>
</Table>