<?xml version = '1.0' encoding = 'UTF-8'?>
<Table class="oracle.dbtools.crest.model.design.relational.Table" directorySegmentName="seg_0" id="32921BCA-0263-76D9-561D-C7CFC34A9B71" name="ASISTENCIA">
<createdBy>Krlos</createdBy>
<createdTime>2025-09-05 01:44:14 UTC</createdTime>
<generatorID>5ADCECF9-0AE3-05B2-6F32-20CB44A4E4C9</generatorID>
<ownerDesignName>EducaFuturo_relacional</ownerDesignName>
<allowColumnReorder>false</allowColumnReorder>
<existDependencyGenerateInDDl>true</existDependencyGenerateInDDl>
<parsed>true</parsed>
<columns itemClass="oracle.dbtools.crest.model.design.relational.Column">
<Column name="ESTUDIANTE_rut_estudiante" id="0471A571-898D-5504-A562-FC702CE431E5">
<createdBy>Krlos</createdBy>
<createdTime>2025-09-05 01:44:14 UTC</createdTime>
<generatorID>CB1EF76A-EFB7-7C52-5FF4-C2B26B69CF6B</generatorID>
<ownerDesignName>EducaFuturo_relacional</ownerDesignName>
<useDomainConstraints>false</useDomainConstraints>
<use>1</use>
<logicalDatatype>LOGDT019</logicalDatatype>
<dataTypePrecision>8</dataTypePrecision>
<ownDataTypeParameters>,8,</ownDataTypeParameters>
<previousColumn>false</previousColumn>
<autoIncrementCycle>false</autoIncrementCycle>
<associations>
<colAssociation fkAssociation="5DEC2A42-B250-8A74-5A4F-E1DC5CA9FD95" referredColumn="E3BA10F7-D05D-5B68-EA49-7AE901AAFF6E"/>
</associations>
</Column>
<Column name="id_asistencia" id="FAE53A64-760A-78C8-BAAA-C3582920A450">
<createdBy>Krlos</createdBy>
<createdTime>2025-09-05 01:44:14 UTC</createdTime>
<generatorID>C687B778-5286-CE28-A30A-DDB5ECA31F25</generatorID>
<ownerDesignName>EducaFuturo_relacional</ownerDesignName>
<useDomainConstraints>false</useDomainConstraints>
<use>1</use>
<logicalDatatype>LOGDT019</logicalDatatype>
<dataTypePrecision>2</dataTypePrecision>
<ownDataTypeParameters>,2,</ownDataTypeParameters>
<autoIncrementCycle>false</autoIncrementCycle>
</Column>
<Column name="fecha" id="9FBBAA42-C4D8-D27A-722A-188156E927CE">
<createdBy>Krlos</createdBy>
<createdTime>2025-09-05 01:44:14 UTC</createdTime>
<generatorID>5FFAC417-D06E-1834-F35E-1C40855113DA</generatorID>
<ownerDesignName>EducaFuturo_relacional</ownerDesignName>
<useDomainConstraints>false</useDomainConstraints>
<use>1</use>
<logicalDatatype>LOGDT007</logicalDatatype>
<ownDataTypeParameters>,,</ownDataTypeParameters>
<autoIncrementCycle>false</autoIncrementCycle>
</Column>
<Column name="estado_asistencia" id="DC618F25-2EEC-9F78-F6F2-640D321C695B">
<createdBy>Krlos</createdBy>
<createdTime>2025-09-05 01:44:14 UTC</createdTime>
<generatorID>EB4E7F3F-6255-3C78-5AD3-C36C89415E58</generatorID>
<ownerDesignName>EducaFuturo_relacional</ownerDesignName>
<nullsAllowed>true</nullsAllowed>
<useDomainConstraints>false</useDomainConstraints>
<use>1</use>
<logicalDatatype>LOGDT024</logicalDatatype>
<dataTypeSize>15</dataTypeSize>
<ownDataTypeParameters>15,,</ownDataTypeParameters>
<autoIncrementCycle>false</autoIncrementCycle>
</Column>
<Column name="obs" id="691EBA8E-2A5D-56F4-A58E-1AA4659C3E2A">
<createdBy>Krlos</createdBy>
<createdTime>2025-09-05 01:44:14 UTC</createdTime>
<generatorID>25BD8B8E-498F-741A-6542-5937853CE656</generatorID>
<ownerDesignName>EducaFuturo_relacional</ownerDesignName>
<nullsAllowed>true</nullsAllowed>
<useDomainConstraints>false</useDomainConstraints>
<use>1</use>
<logicalDatatype>LOGDT024</logicalDatatype>
<dataTypeSize>200</dataTypeSize>
<ownDataTypeParameters>200,,</ownDataTypeParameters>
<autoIncrementCycle>false</autoIncrementCycle>
</Column>
</columns>
<indexes itemClass="oracle.dbtools.crest.model.design.relational.Index">
<ind_PK_UK id="D925F1A1-1D02-292C-CE29-BF7A87B58AB9" name="ASISTENCIA_PK">
<createdBy>Krlos</createdBy>
<createdTime>2025-09-05 01:44:14 UTC</createdTime>
<generatorID>E8CEDA36-23B6-C9C2-25D3-A310873D8E25</generatorID>
<ownerDesignName>EducaFuturo_relacional</ownerDesignName>
<pk>true</pk>
<indexState>Primary Constraint</indexState>
<isSurrogateKey>false</isSurrogateKey>
<indexColumnUsage>
<colUsage columnID="FAE53A64-760A-78C8-BAAA-C3582920A450"/>
</indexColumnUsage>
</ind_PK_UK>
<ind_PK_UK id="9C4C2392-F93D-A2B0-51A6-9E0036969666" name="ASISTENCIA__IDX">
<createdBy>Krlos</createdBy>
<createdTime>2025-09-05 01:44:14 UTC</createdTime>
<ownerDesignName>EducaFuturo_relacional</ownerDesignName>
<indexState>Unique Plain Index</indexState>
<isSurrogateKey>false</isSurrogateKey>
<relationGeneratorID>686D875E-DB3C-38D5-1021-F394C44B2280</relationGeneratorID>
</ind_PK_UK>
<ind_PK_UK id="6A4E036C-EFD9-F1B8-C595-C60FFB59F0B3" name="ASISTENCIA_ESTUDIANTE_FK">
<createdBy>Krlos</createdBy>
<createdTime>2025-09-05 01:44:14 UTC</createdTime>
<generatorID>7D14B4A0-D99A-14AE-1E62-97E25FD22072</generatorID>
<ownerDesignName>EducaFuturo_relacional</ownerDesignName>
<indexState>Foreign Key</indexState>
<isSurrogateKey>false</isSurrogateKey>
<indexColumnUsage>
<colUsage columnID="0471A571-898D-5504-A562-FC702CE431E5"/>
</indexColumnUsage>
</ind_PK_UK>
</indexes>
</Table>