<?xml version = '1.0' encoding = 'UTF-8'?>
<Table class="oracle.dbtools.crest.model.design.relational.Table" directorySegmentName="seg_0" id="49340835-1459-67DF-204A-F8B3D238E0CA" name="REPORTE_ASISTENCIA">
<createdBy>Krlos</createdBy>
<createdTime>2025-09-05 01:44:14 UTC</createdTime>
<ownerDesignName>EducaFuturo_relacional</ownerDesignName>
<ordsAlias>relation_20</ordsAlias>
<allowColumnReorder>false</allowColumnReorder>
<existDependencyGenerateInDDl>true</existDependencyGenerateInDDl>
<parsed>true</parsed>
<columns itemClass="oracle.dbtools.crest.model.design.relational.Column">
<Column name="REPORTE_id_reporte" id="B632A917-B94B-E523-436A-9BA129973F70">
<createdBy>Krlos</createdBy>
<createdTime>2025-09-05 01:44:14 UTC</createdTime>
<ownerDesignName>EducaFuturo_relacional</ownerDesignName>
<useDomainConstraints>false</useDomainConstraints>
<use>1</use>
<logicalDatatype>LOGDT019</logicalDatatype>
<dataTypePrecision>2</dataTypePrecision>
<ownDataTypeParameters>,,</ownDataTypeParameters>
<previousColumn>false</previousColumn>
<autoIncrementCycle>false</autoIncrementCycle>
<associations>
<colAssociation fkAssociation="7F3AC02F-B719-A58B-AB39-DE7C3EEB504D" referredColumn="D436202C-33D1-EEAC-7705-2D7317C69DB7"/>
</associations>
</Column>
<Column name="ASISTENCIA_id_asistencia" id="D5717AC5-FC27-9828-B7EF-34939A552E20">
<createdBy>Krlos</createdBy>
<createdTime>2025-09-05 01:44:14 UTC</createdTime>
<ownerDesignName>EducaFuturo_relacional</ownerDesignName>
<useDomainConstraints>false</useDomainConstraints>
<use>1</use>
<logicalDatatype>LOGDT019</logicalDatatype>
<dataTypePrecision>2</dataTypePrecision>
<ownDataTypeParameters>,,</ownDataTypeParameters>
<previousColumn>false</previousColumn>
<autoIncrementCycle>false</autoIncrementCycle>
<associations>
<colAssociation fkAssociation="4D130B0B-7A6A-A370-387F-E65376BAD5CC" referredColumn="FAE53A64-760A-78C8-BAAA-C3582920A450"/>
</associations>
</Column>
</columns>
<indexes itemClass="oracle.dbtools.crest.model.design.relational.Index">
<ind_PK_UK id="CB9C94FE-C83F-4518-244B-83462F2C3DB8" name="Relation_20_PK">
<createdBy>Krlos</createdBy>
<createdTime>2025-09-05 01:44:14 UTC</createdTime>
<ownerDesignName>EducaFuturo_relacional</ownerDesignName>
<pk>true</pk>
<indexState>Primary Constraint</indexState>
<isSurrogateKey>false</isSurrogateKey>
<indexColumnUsage>
<colUsage columnID="B632A917-B94B-E523-436A-9BA129973F70"/>
<colUsage columnID="D5717AC5-FC27-9828-B7EF-34939A552E20"/>
</indexColumnUsage>
</ind_PK_UK>
<ind_PK_UK id="0F138A44-3DE5-6BC7-AA39-5D34FD70CC5F" name="Relation_20_REPORTE_FK">
<createdBy>Krlos</createdBy>
<createdTime>2025-09-05 01:44:14 UTC</createdTime>
<generatorID>97C40B6B-4299-6439-D030-2D6E55567349</generatorID>
<ownerDesignName>EducaFuturo_relacional</ownerDesignName>
<indexState>Foreign Key</indexState>
<isSurrogateKey>false</isSurrogateKey>
<indexColumnUsage>
<colUsage columnID="B632A917-B94B-E523-436A-9BA129973F70"/>
</indexColumnUsage>
</ind_PK_UK>
<ind_PK_UK id="93ED9E22-7FBC-4AEF-58DB-5BA054467564" name="Relation_20_ASISTENCIA_FK">
<createdBy>Krlos</createdBy>
<createdTime>2025-09-05 01:44:14 UTC</createdTime>
<generatorID>97C40B6B-4299-6439-D030-2D6E55567349</generatorID>
<ownerDesignName>EducaFuturo_relacional</ownerDesignName>
<indexState>Foreign Key</indexState>
<isSurrogateKey>false</isSurrogateKey>
<indexColumnUsage>
<colUsage columnID="D5717AC5-FC27-9828-B7EF-34939A552E20"/>
</indexColumnUsage>
</ind_PK_UK>
</indexes>
</Table>