<?xml version = '1.0' encoding = 'UTF-8'?>
<Table class="oracle.dbtools.crest.model.design.relational.Table" directorySegmentName="seg_0" id="6D1DC0A9-33AA-CDDA-E2E9-6E15DE54D2C3" name="CLASE">
<createdBy>Krlos</createdBy>
<createdTime>2025-09-05 01:44:14 UTC</createdTime>
<generatorID>C629A0CE-4C66-EEC6-6E2A-09177848ED9E</generatorID>
<ownerDesignName>EducaFuturo_relacional</ownerDesignName>
<allowColumnReorder>false</allowColumnReorder>
<existDependencyGenerateInDDl>true</existDependencyGenerateInDDl>
<parsed>true</parsed>
<columns itemClass="oracle.dbtools.crest.model.design.relational.Column">
<Column name="SECCION_id_seccion" id="854A3744-0D76-DCF7-D31F-6FDDBA5ACB8C">
<createdBy>Krlos</createdBy>
<createdTime>2025-09-05 01:44:14 UTC</createdTime>
<generatorID>8FDDF1CE-9B9A-B7D0-D005-F4CA022119A4</generatorID>
<ownerDesignName>EducaFuturo_relacional</ownerDesignName>
<useDomainConstraints>false</useDomainConstraints>
<use>1</use>
<logicalDatatype>LOGDT019</logicalDatatype>
<dataTypePrecision>2</dataTypePrecision>
<ownDataTypeParameters>,2,</ownDataTypeParameters>
<previousColumn>false</previousColumn>
<autoIncrementCycle>false</autoIncrementCycle>
<associations>
<colAssociation fkAssociation="C3570C40-0CFA-5655-3AE8-E3FF84B1D8A8" referredColumn="ADE3F9CB-59DA-417B-147D-FFEF3198FCC5"/>
</associations>
</Column>
<Column name="id_clase" id="D9DD77C2-1452-7BFB-52F3-58FBF5FDE784">
<createdBy>Krlos</createdBy>
<createdTime>2025-09-05 01:44:14 UTC</createdTime>
<generatorID>E5829586-8AE3-8B79-F883-EAFE2D35B4C4</generatorID>
<ownerDesignName>EducaFuturo_relacional</ownerDesignName>
<useDomainConstraints>false</useDomainConstraints>
<use>1</use>
<logicalDatatype>LOGDT019</logicalDatatype>
<dataTypePrecision>2</dataTypePrecision>
<ownDataTypeParameters>,2,</ownDataTypeParameters>
<autoIncrementCycle>false</autoIncrementCycle>
</Column>
<Column name="codigo" id="3DF47933-21FA-BE79-7F55-46142CDBA777">
<createdBy>Krlos</createdBy>
<createdTime>2025-09-05 01:44:14 UTC</createdTime>
<generatorID>E6CAAA30-2F3B-51F0-DE1F-02BDB66FD2B5</generatorID>
<ownerDesignName>EducaFuturo_relacional</ownerDesignName>
<useDomainConstraints>false</useDomainConstraints>
<use>1</use>
<logicalDatatype>LOGDT024</logicalDatatype>
<dataTypeSize>10</dataTypeSize>
<ownDataTypeParameters>10,,</ownDataTypeParameters>
<autoIncrementCycle>false</autoIncrementCycle>
</Column>
<Column name="nombre" id="96DF7C80-98C1-8661-6072-42B090AA9E87">
<createdBy>Krlos</createdBy>
<createdTime>2025-09-05 01:44:14 UTC</createdTime>
<generatorID>5E6BF5CD-3BA4-14D8-B977-76ECE1C4166E</generatorID>
<ownerDesignName>EducaFuturo_relacional</ownerDesignName>
<useDomainConstraints>false</useDomainConstraints>
<use>1</use>
<logicalDatatype>LOGDT024</logicalDatatype>
<dataTypeSize>100</dataTypeSize>
<ownDataTypeParameters>100,,</ownDataTypeParameters>
<autoIncrementCycle>false</autoIncrementCycle>
</Column>
<Column name="creditos" id="960C8F6D-4A94-D875-D6CA-4DF65411BF83">
<createdBy>Krlos</createdBy>
<createdTime>2025-09-05 01:44:14 UTC</createdTime>
<generatorID>91933520-BBA9-B4F8-5284-E94AD414E064</generatorID>
<ownerDesignName>EducaFuturo_relacional</ownerDesignName>
<useDomainConstraints>false</useDomainConstraints>
<use>1</use>
<logicalDatatype>LOGDT019</logicalDatatype>
<dataTypePrecision>2</dataTypePrecision>
<ownDataTypeParameters>,2,</ownDataTypeParameters>
<autoIncrementCycle>false</autoIncrementCycle>
</Column>
<Column name="horas_semanales" id="56090E1F-55BC-EDBC-970C-613349D531D4">
<createdBy>Krlos</createdBy>
<createdTime>2025-09-05 01:44:14 UTC</createdTime>
<generatorID>1056CBED-0E23-DFD9-7F38-635E55315D88</generatorID>
<ownerDesignName>EducaFuturo_relacional</ownerDesignName>
<useDomainConstraints>false</useDomainConstraints>
<use>1</use>
<logicalDatatype>LOGDT019</logicalDatatype>
<dataTypePrecision>2</dataTypePrecision>
<ownDataTypeParameters>,2,</ownDataTypeParameters>
<autoIncrementCycle>false</autoIncrementCycle>
</Column>
<Column name="estado" id="37828EBF-3BB4-E59B-ACDD-CA917B508623">
<createdBy>Krlos</createdBy>
<createdTime>2025-09-05 01:44:14 UTC</createdTime>
<generatorID>C4EC24F4-793F-1629-EE55-B24A40272670</generatorID>
<ownerDesignName>EducaFuturo_relacional</ownerDesignName>
<useDomainConstraints>false</useDomainConstraints>
<use>1</use>
<logicalDatatype>LOGDT024</logicalDatatype>
<dataTypeSize>15</dataTypeSize>
<ownDataTypeParameters>15,,</ownDataTypeParameters>
<autoIncrementCycle>false</autoIncrementCycle>
</Column>
<Column name="DOCENTE_rut_docente" id="6556AE7B-356A-D24C-1AB7-883CEE7C3868">
<createdBy>Krlos</createdBy>
<createdTime>2025-09-05 01:44:14 UTC</createdTime>
<generatorID>A408D7A5-0F3D-7C3D-8B3B-BAB83BE83D3F</generatorID>
<ownerDesignName>EducaFuturo_relacional</ownerDesignName>
<useDomainConstraints>false</useDomainConstraints>
<use>1</use>
<logicalDatatype>LOGDT019</logicalDatatype>
<dataTypePrecision>2</dataTypePrecision>
<ownDataTypeParameters>,2,</ownDataTypeParameters>
<previousColumn>false</previousColumn>
<autoIncrementCycle>false</autoIncrementCycle>
<associations>
<colAssociation fkAssociation="FA2C121D-284F-1BEB-FFD5-E59C21D407B4" referredColumn="E8BB8CB3-A396-0D50-7A23-81EEAC82CAA6"/>
</associations>
</Column>
<Column name="DOCENTE_CONTRATO_id_contrato" id="8EF77E62-637B-5ED7-BE4F-539760C0F52F">
<createdBy>Krlos</createdBy>
<createdTime>2025-09-05 01:44:14 UTC</createdTime>
<generatorID>92538B2C-4960-D2F7-2300-94C6E914AEF0</generatorID>
<ownerDesignName>EducaFuturo_relacional</ownerDesignName>
<useDomainConstraints>false</useDomainConstraints>
<use>1</use>
<logicalDatatype>LOGDT019</logicalDatatype>
<dataTypePrecision>2</dataTypePrecision>
<ownDataTypeParameters>,2,</ownDataTypeParameters>
<previousColumn>false</previousColumn>
<autoIncrementCycle>false</autoIncrementCycle>
<associations>
<colAssociation fkAssociation="FA2C121D-284F-1BEB-FFD5-E59C21D407B4" referredColumn="C5856BEB-6BCA-93D9-B514-0B2CF6781CDE"/>
</associations>
</Column>
<Column name="ASISTENCIA_id_asistencia" id="840AEB9C-F8C8-08A9-E577-EA22FAE3950E">
<createdBy>Krlos</createdBy>
<createdTime>2025-09-05 01:44:14 UTC</createdTime>
<generatorID>2ED9D295-CF90-7888-2A63-68562B1DF30F</generatorID>
<ownerDesignName>EducaFuturo_relacional</ownerDesignName>
<useDomainConstraints>false</useDomainConstraints>
<use>1</use>
<logicalDatatype>LOGDT019</logicalDatatype>
<dataTypePrecision>2</dataTypePrecision>
<ownDataTypeParameters>,2,</ownDataTypeParameters>
<previousColumn>false</previousColumn>
<autoIncrementCycle>false</autoIncrementCycle>
<associations>
<colAssociation fkAssociation="2B9310DC-BE13-51DA-F57E-FF4EEF570645" referredColumn="FAE53A64-760A-78C8-BAAA-C3582920A450"/>
</associations>
</Column>
</columns>
<indexes itemClass="oracle.dbtools.crest.model.design.relational.Index">
<ind_PK_UK id="F43D64D2-3849-B385-ABEA-D21D147561BE" name="CLASE_PK">
<createdBy>Krlos</createdBy>
<createdTime>2025-09-05 01:44:14 UTC</createdTime>
<generatorID>8E8EEB06-54B1-1C61-08ED-680AB3C2A8C3</generatorID>
<ownerDesignName>EducaFuturo_relacional</ownerDesignName>
<pk>true</pk>
<indexState>Primary Constraint</indexState>
<isSurrogateKey>false</isSurrogateKey>
<indexColumnUsage>
<colUsage columnID="D9DD77C2-1452-7BFB-52F3-58FBF5FDE784"/>
<colUsage columnID="6556AE7B-356A-D24C-1AB7-883CEE7C3868"/>
<colUsage columnID="8EF77E62-637B-5ED7-BE4F-539760C0F52F"/>
</indexColumnUsage>
</ind_PK_UK>
<ind_PK_UK id="ED037E96-900F-0AB9-7DAA-0904E90D152E" name="CLASE__IDX">
<createdBy>Krlos</createdBy>
<createdTime>2025-09-05 01:44:14 UTC</createdTime>
<ownerDesignName>EducaFuturo_relacional</ownerDesignName>
<indexState>Unique Plain Index</indexState>
<isSurrogateKey>false</isSurrogateKey>
<relationGeneratorID>686D875E-DB3C-38D5-1021-F394C44B2280</relationGeneratorID>
<indexColumnUsage>
<colUsage columnID="840AEB9C-F8C8-08A9-E577-EA22FAE3950E"/>
</indexColumnUsage>
</ind_PK_UK>
<ind_PK_UK id="37814E6C-1870-243F-0044-41C569E691FC" name="CLASE_ASISTENCIA_FK">
<createdBy>Krlos</createdBy>
<createdTime>2025-09-05 01:44:14 UTC</createdTime>
<generatorID>686D875E-DB3C-38D5-1021-F394C44B2280</generatorID>
<ownerDesignName>EducaFuturo_relacional</ownerDesignName>
<indexState>Foreign Key</indexState>
<isSurrogateKey>false</isSurrogateKey>
<indexColumnUsage>
<colUsage columnID="840AEB9C-F8C8-08A9-E577-EA22FAE3950E"/>
</indexColumnUsage>
</ind_PK_UK>
<ind_PK_UK id="936E240C-6BC4-65FA-0304-C4508DD5CA2C" name="CLASE_DOCENTE_FK">
<createdBy>Krlos</createdBy>
<createdTime>2025-09-05 01:44:14 UTC</createdTime>
<generatorID>CB3FB4D1-987F-0928-A1EF-B0FE496BC018</generatorID>
<ownerDesignName>EducaFuturo_relacional</ownerDesignName>
<indexState>Foreign Key</indexState>
<isSurrogateKey>false</isSurrogateKey>
<indexColumnUsage>
<colUsage columnID="6556AE7B-356A-D24C-1AB7-883CEE7C3868"/>
<colUsage columnID="8EF77E62-637B-5ED7-BE4F-539760C0F52F"/>
</indexColumnUsage>
</ind_PK_UK>
<ind_PK_UK id="83C96C25-AE35-F019-2300-99A70ED13564" name="CLASE_SECCION_FK">
<createdBy>Krlos</createdBy>
<createdTime>2025-09-05 01:44:14 UTC</createdTime>
<generatorID>B9EA7089-E57E-A4B9-FABE-54870D6B6E7E</generatorID>
<ownerDesignName>EducaFuturo_relacional</ownerDesignName>
<indexState>Foreign Key</indexState>
<isSurrogateKey>false</isSurrogateKey>
<indexColumnUsage>
<colUsage columnID="854A3744-0D76-DCF7-D31F-6FDDBA5ACB8C"/>
</indexColumnUsage>
</ind_PK_UK>
</indexes>
</Table>