<?xml version = '1.0' encoding = 'UTF-8'?>
<Table class="oracle.dbtools.crest.model.design.relational.Table" directorySegmentName="seg_0" id="FDB0FD00-B144-1D92-7750-673344ACAD15" name="REMUNERACION">
<createdBy>Krlos</createdBy>
<createdTime>2025-09-05 01:44:14 UTC</createdTime>
<generatorID>52C8B44A-682A-3553-4532-24FBCACE70E3</generatorID>
<ownerDesignName>EducaFuturo_relacional</ownerDesignName>
<allowColumnReorder>false</allowColumnReorder>
<existDependencyGenerateInDDl>true</existDependencyGenerateInDDl>
<parsed>true</parsed>
<columns itemClass="oracle.dbtools.crest.model.design.relational.Column">
<Column name="id_remuneracion" id="E1601ECD-1714-D0CE-FD6E-58AD4CB3CB4A">
<createdBy>Krlos</createdBy>
<createdTime>2025-09-05 01:44:14 UTC</createdTime>
<generatorID>9FA8B4AF-6F43-64C5-D9E3-E5EE0E76E9A2</generatorID>
<ownerDesignName>EducaFuturo_relacional</ownerDesignName>
<useDomainConstraints>false</useDomainConstraints>
<use>1</use>
<logicalDatatype>LOGDT019</logicalDatatype>
<dataTypePrecision>2</dataTypePrecision>
<ownDataTypeParameters>,2,</ownDataTypeParameters>
<autoIncrementCycle>false</autoIncrementCycle>
</Column>
<Column name="sueldo_base" id="97747A0E-CCCE-D9F3-BE40-CE11399D34D1">
<createdBy>Krlos</createdBy>
<createdTime>2025-09-05 01:44:14 UTC</createdTime>
<generatorID>A540B2CA-2A32-E3EB-A2F8-852D30FB16F6</generatorID>
<ownerDesignName>EducaFuturo_relacional</ownerDesignName>
<useDomainConstraints>false</useDomainConstraints>
<use>1</use>
<logicalDatatype>LOGDT019</logicalDatatype>
<dataTypePrecision>10</dataTypePrecision>
<dataTypeScale>2</dataTypeScale>
<ownDataTypeParameters>,10,2</ownDataTypeParameters>
<autoIncrementCycle>false</autoIncrementCycle>
</Column>
<Column name="valor_hora" id="879A3055-858B-A0D6-DADE-091E97A7FE80">
<createdBy>Krlos</createdBy>
<createdTime>2025-09-05 01:44:14 UTC</createdTime>
<generatorID>AA27A151-5CD8-940F-406B-4853C78D28D7</generatorID>
<ownerDesignName>EducaFuturo_relacional</ownerDesignName>
<useDomainConstraints>false</useDomainConstraints>
<use>1</use>
<logicalDatatype>LOGDT019</logicalDatatype>
<dataTypePrecision>10</dataTypePrecision>
<dataTypeScale>2</dataTypeScale>
<ownDataTypeParameters>,10,2</ownDataTypeParameters>
<autoIncrementCycle>false</autoIncrementCycle>
</Column>
<Column name="fecha_firma" id="BFF4CEFE-2D10-535B-9BD4-4020312B24FC">
<createdBy>Krlos</createdBy>
<createdTime>2025-09-05 01:44:14 UTC</createdTime>
<generatorID>9A6DABA2-41E6-3631-5356-1BC12BBE9F22</generatorID>
<ownerDesignName>EducaFuturo_relacional</ownerDesignName>
<useDomainConstraints>false</useDomainConstraints>
<use>1</use>
<logicalDatatype>LOGDT007</logicalDatatype>
<ownDataTypeParameters>,,</ownDataTypeParameters>
<autoIncrementCycle>false</autoIncrementCycle>
</Column>
<Column name="responsable_rrhh" id="3E933DA9-C088-4804-ED3D-F2625D0FEE6F">
<createdBy>Krlos</createdBy>
<createdTime>2025-09-05 01:44:14 UTC</createdTime>
<generatorID>A0F80846-73F8-026B-537A-9ADAA6621A75</generatorID>
<ownerDesignName>EducaFuturo_relacional</ownerDesignName>
<nullsAllowed>true</nullsAllowed>
<useDomainConstraints>false</useDomainConstraints>
<use>1</use>
<logicalDatatype>LOGDT024</logicalDatatype>
<dataTypeSize>50</dataTypeSize>
<ownDataTypeParameters>50,,</ownDataTypeParameters>
<autoIncrementCycle>false</autoIncrementCycle>
</Column>
</columns>
<indexes itemClass="oracle.dbtools.crest.model.design.relational.Index">
<ind_PK_UK id="E423765B-1C86-576E-E3CD-C24A969ADB8F" name="REMUNERACION_PK">
<createdBy>Krlos</createdBy>
<createdTime>2025-09-05 01:44:14 UTC</createdTime>
<generatorID>790C31AC-F51F-677C-0E53-AFC939F1CBE0</generatorID>
<ownerDesignName>EducaFuturo_relacional</ownerDesignName>
<pk>true</pk>
<indexState>Primary Constraint</indexState>
<isSurrogateKey>false</isSurrogateKey>
<indexColumnUsage>
<colUsage columnID="E1601ECD-1714-D0CE-FD6E-58AD4CB3CB4A"/>
</indexColumnUsage>
</ind_PK_UK>
<ind_PK_UK id="4F9D9011-5E66-52B1-4952-42539A14A069" name="REMUNERACION__IDX">
<createdBy>Krlos</createdBy>
<createdTime>2025-09-05 01:44:14 UTC</createdTime>
<ownerDesignName>EducaFuturo_relacional</ownerDesignName>
<indexState>Unique Plain Index</indexState>
<isSurrogateKey>false</isSurrogateKey>
<relationGeneratorID>5CE4BEE5-1BB7-E9B8-53D1-B73E96BCFF06</relationGeneratorID>
</ind_PK_UK>
</indexes>
</Table>