<?xml version = '1.0' encoding = 'UTF-8'?>
<Relation class="oracle.dbtools.crest.model.design.logical.Relation" name="Relation_4" directorySegmentName="seg_0" id="238E4CA5-5E98-429B-BCB1-B0A0A6480BDD">
<createdBy>Krlos</createdBy>
<createdTime>2025-09-02 23:38:09 UTC</createdTime>
<ownerDesignName>EducaFuturo_relacional</ownerDesignName>
<engineerTo>
<item key="FA0DEE0A-B8BB-5E04-BD79-3427FC140CED" value="true"/>
</engineerTo>
<sourcePk>FB7172E2-616E-5D66-CBBE-AED78BABE9BE</sourcePk>
<identifying>false</identifying>
<optionalSource>false</optionalSource>
<optionalTarget>false</optionalTarget>
<sourceCardinality>1</sourceCardinality>
<sourceEntity>75A29FAB-850A-DDF2-CB86-503DE4658A74</sourceEntity>
<targetCardinalityString>*</targetCardinalityString>
<targetEntity>1427CA95-D019-66C9-79AA-88648219A7FA</targetEntity>
<transferable>true</transferable>
<deleteRule>NO ACTION</deleteRule>
</Relation>