<?xml version = '1.0' encoding = 'UTF-8'?>
<Relation class="oracle.dbtools.crest.model.design.logical.Relation" name="Relation_1" directorySegmentName="seg_0" id="4D37CF48-C869-9498-2204-A2DBC7E3154F">
<createdBy>Krlos</createdBy>
<createdTime>2025-09-02 22:54:32 UTC</createdTime>
<ownerDesignName>EducaFuturo_relacional</ownerDesignName>
<engineerTo>
<item key="FA0DEE0A-B8BB-5E04-BD79-3427FC140CED" value="true"/>
</engineerTo>
<sourcePk>11BC9CCF-67A7-0EAA-9C18-8F6D46374ACE</sourcePk>
<identifying>true</identifying>
<optionalSource>false</optionalSource>
<optionalTarget>false</optionalTarget>
<sourceCardinality>1</sourceCardinality>
<sourceEntity>A29F6B48-B1EC-8682-D845-8C76A3B79516</sourceEntity>
<targetCardinalityString>*</targetCardinalityString>
<targetEntity>75A29FAB-850A-DDF2-CB86-503DE4658A74</targetEntity>
<transferable>true</transferable>
<deleteRule>NO ACTION</deleteRule>
</Relation>