<?xml version = '1.0' encoding = 'UTF-8'?>
<Relation class="oracle.dbtools.crest.model.design.logical.Relation" name="Relation_29" directorySegmentName="seg_0" id="5CE4BEE5-1BB7-E9B8-53D1-B73E96BCFF06">
<createdBy>Krlos</createdBy>
<createdTime>2025-09-05 01:43:15 UTC</createdTime>
<ownerDesignName>EducaFuturo_relacional</ownerDesignName>
<engineerTo>
<item key="FA0DEE0A-B8BB-5E04-BD79-3427FC140CED" value="true"/>
</engineerTo>
<sourcePk>790C31AC-F51F-677C-0E53-AFC939F1CBE0</sourcePk>
<targetPk>11BC9CCF-67A7-0EAA-9C18-8F6D46374ACE</targetPk>
<identifying>false</identifying>
<optionalSource>false</optionalSource>
<optionalTarget>false</optionalTarget>
<sourceCardinality>1</sourceCardinality>
<sourceEntity>52C8B44A-682A-3553-4532-24FBCACE70E3</sourceEntity>
<targetCardinalityString>1</targetCardinalityString>
<targetEntity>A29F6B48-B1EC-8682-D845-8C76A3B79516</targetEntity>
<transferable>true</transferable>
<deleteRule>NO ACTION</deleteRule>
</Relation>