<?xml version = '1.0' encoding = 'UTF-8'?>
<Relation class="oracle.dbtools.crest.model.design.logical.Relation" name="Relation_30" directorySegmentName="seg_0" id="6862296E-2488-DBD0-CB6F-510F5122DEEF">
<createdBy>Krlos</createdBy>
<createdTime>2025-09-05 01:43:50 UTC</createdTime>
<ownerDesignName>EducaFuturo_relacional</ownerDesignName>
<engineerTo>
<item key="FA0DEE0A-B8BB-5E04-BD79-3427FC140CED" value="true"/>
</engineerTo>
<sourcePk>A7DEBFE1-2EE2-A0F1-A139-34A410B60200</sourcePk>
<identifying>false</identifying>
<optionalSource>false</optionalSource>
<optionalTarget>false</optionalTarget>
<sourceCardinality>1</sourceCardinality>
<sourceEntity>5EC0D818-6695-ECE0-B4F0-7DFECFEF8861</sourceEntity>
<targetCardinalityString>*</targetCardinalityString>
<targetEntity>A29F6B48-B1EC-8682-D845-8C76A3B79516</targetEntity>
<transferable>true</transferable>
<deleteRule>NO ACTION</deleteRule>
</Relation>