<?xml version = '1.0' encoding = 'UTF-8'?>
<Relation class="oracle.dbtools.crest.model.design.logical.Relation" name="Relation_13" directorySegmentName="seg_0" id="7D14B4A0-D99A-14AE-1E62-97E25FD22072">
<createdBy>Krlos</createdBy>
<createdTime>2025-09-02 23:56:04 UTC</createdTime>
<ownerDesignName>EducaFuturo_relacional</ownerDesignName>
<engineerTo>
<item key="FA0DEE0A-B8BB-5E04-BD79-3427FC140CED" value="true"/>
</engineerTo>
<sourcePk>1216E37A-D570-C4C6-C255-B326B9681F6F</sourcePk>
<identifying>false</identifying>
<optionalSource>false</optionalSource>
<optionalTarget>false</optionalTarget>
<sourceCardinality>1</sourceCardinality>
<sourceEntity>54E0ED82-3FFA-FD17-1A7A-B193AC44B7ED</sourceEntity>
<targetCardinalityString>*</targetCardinalityString>
<targetEntity>5ADCECF9-0AE3-05B2-6F32-20CB44A4E4C9</targetEntity>
<transferable>true</transferable>
<deleteRule>NO ACTION</deleteRule>
</Relation>