<?xml version = '1.0' encoding = 'UTF-8'?>
<Relation class="oracle.dbtools.crest.model.design.logical.Relation" name="Relation_27" directorySegmentName="seg_0" id="809CDF1A-A6DE-9029-C86D-0F4C2F9510F7">
<createdBy>Krlos</createdBy>
<createdTime>2025-09-05 00:42:29 UTC</createdTime>
<ownerDesignName>EducaFuturo_relacional</ownerDesignName>
<engineerTo>
<item key="FA0DEE0A-B8BB-5E04-BD79-3427FC140CED" value="true"/>
</engineerTo>
<sourcePk>E2E0AD1A-CF06-0E55-2E39-2242C624C66B</sourcePk>
<identifying>false</identifying>
<optionalSource>false</optionalSource>
<optionalTarget>false</optionalTarget>
<sourceCardinality>1</sourceCardinality>
<sourceEntity>A639A4A3-899B-ACEF-38C4-F3ECFC63B2D7</sourceEntity>
<targetCardinalityString>*</targetCardinalityString>
<targetEntity>B0A71ED5-B883-E86D-AE95-1CACB9B2B926</targetEntity>
<transferable>true</transferable>
<deleteRule>NO ACTION</deleteRule>
</Relation>