<?xml version = '1.0' encoding = 'UTF-8'?>
<Relation class="oracle.dbtools.crest.model.design.logical.Relation" name="Relation_20" directorySegmentName="seg_0" id="97C40B6B-4299-6439-D030-2D6E55567349">
<createdBy>Krlos</createdBy>
<createdTime>2025-09-03 00:18:53 UTC</createdTime>
<ownerDesignName>EducaFuturo_relacional</ownerDesignName>
<engineerTo>
<item key="FA0DEE0A-B8BB-5E04-BD79-3427FC140CED" value="true"/>
</engineerTo>
<identifying>false</identifying>
<optionalSource>false</optionalSource>
<optionalTarget>false</optionalTarget>
<sourceCardinality>*</sourceCardinality>
<sourceEntity>31EF51A1-D917-3230-F40B-639477CC5C4A</sourceEntity>
<targetCardinalityString>*</targetCardinalityString>
<targetEntity>5ADCECF9-0AE3-05B2-6F32-20CB44A4E4C9</targetEntity>
<transferable>true</transferable>
<deleteRule>NO ACTION</deleteRule>
</Relation>