<?xml version = '1.0' encoding = 'UTF-8'?>
<Relation class="oracle.dbtools.crest.model.design.logical.Relation" name="Relation_18" directorySegmentName="seg_0" id="A80DA039-6B5D-E79C-999F-17502930DB1A">
<createdBy>Krlos</createdBy>
<createdTime>2025-09-03 00:09:57 UTC</createdTime>
<ownerDesignName>EducaFuturo_relacional</ownerDesignName>
<engineerTo>
<item key="FA0DEE0A-B8BB-5E04-BD79-3427FC140CED" value="true"/>
</engineerTo>
<sourcePk>E2E0AD1A-CF06-0E55-2E39-2242C624C66B</sourcePk>
<identifying>false</identifying>
<optionalSource>false</optionalSource>
<optionalTarget>false</optionalTarget>
<sourceCardinality>1</sourceCardinality>
<sourceEntity>A639A4A3-899B-ACEF-38C4-F3ECFC63B2D7</sourceEntity>
<targetCardinalityString>*</targetCardinalityString>
<targetEntity>75154F04-977C-601D-C477-4E83420E36C5</targetEntity>
<transferable>true</transferable>
<deleteRule>NO ACTION</deleteRule>
</Relation>