<?xml version = '1.0' encoding = 'UTF-8'?>
<Relation class="oracle.dbtools.crest.model.design.logical.Relation" name="Relation_14" directorySegmentName="seg_0" id="B8461B31-942F-64E9-5FBF-8819CD5C2334">
<createdBy>Krlos</createdBy>
<createdTime>2025-09-02 23:59:35 UTC</createdTime>
<ownerDesignName>EducaFuturo_relacional</ownerDesignName>
<engineerTo>
<item key="FA0DEE0A-B8BB-5E04-BD79-3427FC140CED" value="true"/>
</engineerTo>
<sourcePk>46A9706D-659F-2519-584C-6FEED9672323</sourcePk>
<targetPk>A82E3646-8ED9-A55A-9837-3E95EAA7FB1D</targetPk>
<arc>AAD98059-3A7D-357E-CE3F-4B3B09F2C73C</arc>
<identifying>false</identifying>
<optionalSource>false</optionalSource>
<optionalTarget>false</optionalTarget>
<sourceCardinality>1</sourceCardinality>
<sourceEntity>FE5A1BE7-7508-6BAC-FD2C-9B2408F5FE03</sourceEntity>
<targetCardinalityString>1</targetCardinalityString>
<targetEntity>75154F04-977C-601D-C477-4E83420E36C5</targetEntity>
<transferable>true</transferable>
<deleteRule>NO ACTION</deleteRule>
</Relation>