<?xml version = '1.0' encoding = 'UTF-8'?>
<Relation class="oracle.dbtools.crest.model.design.logical.Relation" name="Relation_7" directorySegmentName="seg_0" id="B9EA7089-E57E-A4B9-FABE-54870D6B6E7E">
<createdBy>Krlos</createdBy>
<createdTime>2025-09-02 23:49:15 UTC</createdTime>
<ownerDesignName>EducaFuturo_relacional</ownerDesignName>
<engineerTo>
<item key="FA0DEE0A-B8BB-5E04-BD79-3427FC140CED" value="true"/>
</engineerTo>
<sourcePk>CDD31ED4-AD34-F04C-C4CB-AC3E9C54B4F3</sourcePk>
<identifying>false</identifying>
<optionalSource>false</optionalSource>
<optionalTarget>false</optionalTarget>
<sourceCardinality>1</sourceCardinality>
<sourceEntity>E6B3AA72-9CBC-A711-E0A6-4793518FC731</sourceEntity>
<targetCardinalityString>*</targetCardinalityString>
<targetEntity>C629A0CE-4C66-EEC6-6E2A-09177848ED9E</targetEntity>
<transferable>true</transferable>
<deleteRule>NO ACTION</deleteRule>
</Relation>