<?xml version = '1.0' encoding = 'UTF-8'?>
<Relation class="oracle.dbtools.crest.model.design.logical.Relation" name="Relation_26" directorySegmentName="seg_0" id="CB3FB4D1-987F-0928-A1EF-B0FE496BC018">
<createdBy>Krlos</createdBy>
<createdTime>2025-09-05 00:31:02 UTC</createdTime>
<ownerDesignName>EducaFuturo_relacional</ownerDesignName>
<engineerTo>
<item key="FA0DEE0A-B8BB-5E04-BD79-3427FC140CED" value="true"/>
</engineerTo>
<sourcePk>FB7172E2-616E-5D66-CBBE-AED78BABE9BE</sourcePk>
<identifying>true</identifying>
<optionalSource>false</optionalSource>
<optionalTarget>false</optionalTarget>
<sourceCardinality>1</sourceCardinality>
<sourceEntity>75A29FAB-850A-DDF2-CB86-503DE4658A74</sourceEntity>
<targetCardinalityString>*</targetCardinalityString>
<targetEntity>C629A0CE-4C66-EEC6-6E2A-09177848ED9E</targetEntity>
<transferable>true</transferable>
<deleteRule>NO ACTION</deleteRule>
</Relation>