<?xml version = '1.0' encoding = 'UTF-8'?>
<Relation class="oracle.dbtools.crest.model.design.logical.Relation" name="Relation_3" directorySegmentName="seg_0" id="D1118F5D-0549-C70C-BF1C-A8FE2FEAE319">
<createdBy>Krlos</createdBy>
<createdTime>2025-09-02 23:37:24 UTC</createdTime>
<ownerDesignName>EducaFuturo_relacional</ownerDesignName>
<engineerTo>
<item key="FA0DEE0A-B8BB-5E04-BD79-3427FC140CED" value="true"/>
</engineerTo>
<sourcePk>A4CDC5E6-3373-2FB3-8DC5-4742C23B6F07</sourcePk>
<identifying>false</identifying>
<optionalSource>false</optionalSource>
<optionalTarget>false</optionalTarget>
<sourceCardinality>1</sourceCardinality>
<sourceEntity>E33BFC5E-70C3-19B7-A827-77B29ABE5184</sourceEntity>
<targetCardinalityString>*</targetCardinalityString>
<targetEntity>F3C31D63-A416-6650-F44A-D57233273172</targetEntity>
<transferable>true</transferable>
<deleteRule>NO ACTION</deleteRule>
</Relation>