<?xml version = '1.0' encoding = 'UTF-8'?>
<Relation class="oracle.dbtools.crest.model.design.logical.Relation" name="Relation_5" directorySegmentName="seg_0" id="D6CF32B9-CC3E-E46C-4063-4F68FA84F596">
<createdBy>Krlos</createdBy>
<createdTime>2025-09-02 23:38:20 UTC</createdTime>
<ownerDesignName>EducaFuturo_relacional</ownerDesignName>
<engineerTo>
<item key="FA0DEE0A-B8BB-5E04-BD79-3427FC140CED" value="true"/>
</engineerTo>
<sourcePk>1216E37A-D570-C4C6-C255-B326B9681F6F</sourcePk>
<identifying>false</identifying>
<optionalSource>false</optionalSource>
<optionalTarget>false</optionalTarget>
<sourceCardinality>1</sourceCardinality>
<sourceEntity>54E0ED82-3FFA-FD17-1A7A-B193AC44B7ED</sourceEntity>
<targetCardinalityString>*</targetCardinalityString>
<targetEntity>1427CA95-D019-66C9-79AA-88648219A7FA</targetEntity>
<transferable>true</transferable>
<deleteRule>NO ACTION</deleteRule>
</Relation>