<?xml version = '1.0' encoding = 'UTF-8'?>
<Relation class="oracle.dbtools.crest.model.design.logical.Relation" name="Relation_8" directorySegmentName="seg_0" id="E4E9F201-DA31-7340-01FB-B517629933DA">
<createdBy>Krlos</createdBy>
<createdTime>2025-09-02 23:49:25 UTC</createdTime>
<ownerDesignName>EducaFuturo_relacional</ownerDesignName>
<engineerTo>
<item key="FA0DEE0A-B8BB-5E04-BD79-3427FC140CED" value="true"/>
</engineerTo>
<sourcePk>A4CDC5E6-3373-2FB3-8DC5-4742C23B6F07</sourcePk>
<identifying>false</identifying>
<optionalSource>false</optionalSource>
<optionalTarget>false</optionalTarget>
<sourceCardinality>1</sourceCardinality>
<sourceEntity>E33BFC5E-70C3-19B7-A827-77B29ABE5184</sourceEntity>
<targetCardinalityString>*</targetCardinalityString>
<targetEntity>E6B3AA72-9CBC-A711-E0A6-4793518FC731</targetEntity>
<transferable>true</transferable>
<deleteRule>NO ACTION</deleteRule>
</Relation>