<?xml version = '1.0' encoding = 'UTF-8'?>
<FKArc class="oracle.dbtools.crest.model.design.relational.FKArc" directorySegmentName="seg_0" id="A9E2504B-46B7-EECC-E55B-7C58EEACE1F3" name="Arc_2">
<createdBy>Krlos</createdBy>
<createdTime>2025-09-05 01:44:14 UTC</createdTime>
<ownerDesignName>EducaFuturo</ownerDesignName>
<mandatory>true</mandatory>
<table>777A39CF-33E6-F942-9FA0-6903AB3527CC</table>
<fkeys>
<fkeyID>E9097A43-EDC9-A385-BB38-A1B328EA5496</fkeyID>
<fkeyID>A60902D0-FB41-58E6-02A7-D05DD189946E</fkeyID>
</fkeys>
</FKArc>