<?xml version = '1.0' encoding = 'UTF-8'?>
<FKIndexAssociation class="oracle.dbtools.crest.model.design.relational.FKIndexAssociation" directorySegmentName="seg_0" id="02805191-E43E-5946-279C-EFBF481DA4DA" containerWithKeyObject="50EA694B-CD87-3B1D-4F6C-C1242CE2436D" localFKIndex="D3BAE9EF-B1F8-436D-0988-3EA88C6C4DFC" name="CONTRATO_TIPO_CONTRATO_FK">
<createdBy>Krlos</createdBy>
<createdTime>2025-09-05 01:44:14 UTC</createdTime>
<generatorID>6862296E-2488-DBD0-CB6F-510F5122DEEF</generatorID>
<ownerDesignName>EducaFuturo_relacional</ownerDesignName>
<referredTableLongName>TIPO_CONTRATO</referredTableLongName>
<deleteRule>NO ACTION</deleteRule>
<referredTableID>03DEAEB0-3031-4767-A279-FF500BC09399</referredTableID>
<keyObject>935F3E28-74C6-D4B2-15A6-A21314041187</keyObject>
<referredKeyID>935F3E28-74C6-D4B2-15A6-A21314041187</referredKeyID>
<mandatory>true</mandatory>
<refColNames>id_tipo_contrato</refColNames>
<transferable>true</transferable>
<rely>false</rely>
<columnDependencyConstraintGenerateInDDL>true</columnDependencyConstraintGenerateInDDL>
</FKIndexAssociation>