<?xml version = '1.0' encoding = 'UTF-8'?>
<FKIndexAssociation class="oracle.dbtools.crest.model.design.relational.FKIndexAssociation" directorySegmentName="seg_0" id="2B9310DC-BE13-51DA-F57E-FF4EEF570645" containerWithKeyObject="6D1DC0A9-33AA-CDDA-E2E9-6E15DE54D2C3" localFKIndex="37814E6C-1870-243F-0044-41C569E691FC" name="CLASE_ASISTENCIA_FK">
<createdBy>Krlos</createdBy>
<createdTime>2025-09-05 01:44:14 UTC</createdTime>
<generatorID>686D875E-DB3C-38D5-1021-F394C44B2280</generatorID>
<ownerDesignName>EducaFuturo_relacional</ownerDesignName>
<referredTableLongName>ASISTENCIA</referredTableLongName>
<deleteRule>NO ACTION</deleteRule>
<referredTableID>32921BCA-0263-76D9-561D-C7CFC34A9B71</referredTableID>
<keyObject>D925F1A1-1D02-292C-CE29-BF7A87B58AB9</keyObject>
<referredKeyID>D925F1A1-1D02-292C-CE29-BF7A87B58AB9</referredKeyID>
<mandatory>true</mandatory>
<refColNames>id_asistencia</refColNames>
<transferable>true</transferable>
<rely>false</rely>
<columnDependencyConstraintGenerateInDDL>true</columnDependencyConstraintGenerateInDDL>
</FKIndexAssociation>