<?xml version = '1.0' encoding = 'UTF-8'?>
<FKIndexAssociation class="oracle.dbtools.crest.model.design.relational.FKIndexAssociation" directorySegmentName="seg_0" id="6BB47604-5151-86C3-AE10-CBA61E6D2711" containerWithKeyObject="21F661E1-EBBA-D35F-4047-1AFECDD76E83" localFKIndex="3A3D7D79-D927-2E80-03B4-4520160A0FEA" name="EV_DESEMPEÑO_DC_DOCENTE_FK">
<createdBy>Krlos</createdBy>
<createdTime>2025-09-05 01:44:14 UTC</createdTime>
<generatorID>238E4CA5-5E98-429B-BCB1-B0A0A6480BDD</generatorID>
<ownerDesignName>EducaFuturo_relacional</ownerDesignName>
<referredTableLongName>DOCENTE</referredTableLongName>
<deleteRule>NO ACTION</deleteRule>
<referredTableID>8BEF26B9-A0DF-F897-F6D2-373BE9631768</referredTableID>
<keyObject>36626A2E-6A90-77DF-D3D7-385EDA533063</keyObject>
<referredKeyID>36626A2E-6A90-77DF-D3D7-385EDA533063</referredKeyID>
<mandatory>true</mandatory>
<refColNames>rut_docente,CONTRATO_id_contrato</refColNames>
<transferable>true</transferable>
<rely>false</rely>
<columnDependencyConstraintGenerateInDDL>true</columnDependencyConstraintGenerateInDDL>
</FKIndexAssociation>