<?xml version = '1.0' encoding = 'UTF-8'?>
<FKIndexAssociation class="oracle.dbtools.crest.model.design.relational.FKIndexAssociation" directorySegmentName="seg_0" id="81921879-8178-334D-EDC7-FF676E913D94" containerWithKeyObject="4D1794C9-6E5A-1E61-F516-465C0F278698" localFKIndex="15A510B8-A722-B530-4C68-699B69079A7F" name="MATRICULA_PAGO_FK">
<createdBy>Krlos</createdBy>
<createdTime>2025-09-05 01:44:14 UTC</createdTime>
<generatorID>F7242B57-EAC7-EA3F-92D0-6ABD59F5FD05</generatorID>
<ownerDesignName>EducaFuturo_relacional</ownerDesignName>
<referredTableLongName>PAGO</referredTableLongName>
<deleteRule>NO ACTION</deleteRule>
<referredTableID>777A39CF-33E6-F942-9FA0-6903AB3527CC</referredTableID>
<keyObject>225A64E7-89FB-FCD0-F9F7-C8CD6F2709D7</keyObject>
<referredKeyID>225A64E7-89FB-FCD0-F9F7-C8CD6F2709D7</referredKeyID>
<mandatory>true</mandatory>
<refColNames>id_pago</refColNames>
<transferable>true</transferable>
<rely>false</rely>
<columnDependencyConstraintGenerateInDDL>true</columnDependencyConstraintGenerateInDDL>
</FKIndexAssociation>