<?xml version = '1.0' encoding = 'UTF-8'?>
<FKIndexAssociation class="oracle.dbtools.crest.model.design.relational.FKIndexAssociation" directorySegmentName="seg_0" id="AB3C54FA-6576-09F2-9640-00CADB37CE14" containerWithKeyObject="E0BD1FF8-29A1-1F74-D06C-AEEAA8386859" localFKIndex="B543F867-6B46-4ACB-DD45-F46D367FA7F4" name="SECCION_CARRERA_FK">
<createdBy>Krlos</createdBy>
<createdTime>2025-09-05 01:44:14 UTC</createdTime>
<generatorID>E4E9F201-DA31-7340-01FB-B517629933DA</generatorID>
<ownerDesignName>EducaFuturo_relacional</ownerDesignName>
<referredTableLongName>CARRERA</referredTableLongName>
<deleteRule>NO ACTION</deleteRule>
<referredTableID>99EC8CC5-E2D8-F110-34A3-9F3EA1A9D714</referredTableID>
<keyObject>240B8932-BBBC-73E0-A1F7-BEFB25F744F5</keyObject>
<referredKeyID>240B8932-BBBC-73E0-A1F7-BEFB25F744F5</referredKeyID>
<mandatory>true</mandatory>
<refColNames>id_carrera</refColNames>
<transferable>true</transferable>
<rely>false</rely>
<columnDependencyConstraintGenerateInDDL>true</columnDependencyConstraintGenerateInDDL>
</FKIndexAssociation>