<?xml version = '1.0' encoding = 'UTF-8'?>
<FKIndexAssociation class="oracle.dbtools.crest.model.design.relational.FKIndexAssociation" directorySegmentName="seg_0" id="BC8B79E8-993D-8BA9-8138-0F023437A1BF" containerWithKeyObject="4D1794C9-6E5A-1E61-F516-465C0F278698" localFKIndex="B68F77BC-0C17-4E49-DA11-081258DDCB0D" name="MATRICULA_PERIODO_ACADEMICO_FK">
<createdBy>Krlos</createdBy>
<createdTime>2025-09-05 01:44:14 UTC</createdTime>
<generatorID>86E4D3BF-EB63-9721-14F7-C9D7C098B069</generatorID>
<ownerDesignName>EducaFuturo_relacional</ownerDesignName>
<referredTableLongName>PERIODO_ACADEMICO</referredTableLongName>
<deleteRule>NO ACTION</deleteRule>
<referredTableID>A9E1A7F8-C838-542A-6C54-D94655E7FE07</referredTableID>
<keyObject>EB90AB5D-4D2B-DDA9-86D7-C4A0F112E39B</keyObject>
<referredKeyID>EB90AB5D-4D2B-DDA9-86D7-C4A0F112E39B</referredKeyID>
<mandatory>true</mandatory>
<refColNames>id_periodo</refColNames>
<transferable>true</transferable>
<rely>false</rely>
<columnDependencyConstraintGenerateInDDL>true</columnDependencyConstraintGenerateInDDL>
</FKIndexAssociation>