<?xml version = '1.0' encoding = 'UTF-8'?>
<FKIndexAssociation class="oracle.dbtools.crest.model.design.relational.FKIndexAssociation" directorySegmentName="seg_0" id="BF66783F-3016-4AC7-E7E4-7E8ABD9FF18C" containerWithKeyObject="21F661E1-EBBA-D35F-4047-1AFECDD76E83" localFKIndex="7BE56AF8-C098-BCE4-838A-07876DF7A29A" name="EV_DESEMPEÑO_DC_ESTUDIANTE_FK">
<createdBy>Krlos</createdBy>
<createdTime>2025-09-05 01:44:14 UTC</createdTime>
<generatorID>D6CF32B9-CC3E-E46C-4063-4F68FA84F596</generatorID>
<ownerDesignName>EducaFuturo_relacional</ownerDesignName>
<referredTableLongName>ESTUDIANTE</referredTableLongName>
<deleteRule>NO ACTION</deleteRule>
<referredTableID>A7BB3AB9-DBE2-9CDE-5D13-447E057B4407</referredTableID>
<keyObject>BF563752-B9E7-00FF-6B30-29A9EDC9E021</keyObject>
<referredKeyID>BF563752-B9E7-00FF-6B30-29A9EDC9E021</referredKeyID>
<mandatory>true</mandatory>
<refColNames>rut_estudiante</refColNames>
<transferable>true</transferable>
<rely>false</rely>
<columnDependencyConstraintGenerateInDDL>true</columnDependencyConstraintGenerateInDDL>
</FKIndexAssociation>