<?xml version = '1.0' encoding = 'UTF-8'?>
<FKIndexAssociation class="oracle.dbtools.crest.model.design.relational.FKIndexAssociation" directorySegmentName="seg_0" id="C1F81228-5DAC-BD03-F878-473D151A7155" containerWithKeyObject="50EA694B-CD87-3B1D-4F6C-C1242CE2436D" localFKIndex="5B356C9A-AEB7-2EA6-78D9-D2787296F1AD" name="CONTRATO_REMUNERACION_FK">
<createdBy>Krlos</createdBy>
<createdTime>2025-09-05 01:44:14 UTC</createdTime>
<generatorID>5CE4BEE5-1BB7-E9B8-53D1-B73E96BCFF06</generatorID>
<ownerDesignName>EducaFuturo_relacional</ownerDesignName>
<referredTableLongName>REMUNERACION</referredTableLongName>
<deleteRule>NO ACTION</deleteRule>
<referredTableID>FDB0FD00-B144-1D92-7750-673344ACAD15</referredTableID>
<keyObject>E423765B-1C86-576E-E3CD-C24A969ADB8F</keyObject>
<referredKeyID>E423765B-1C86-576E-E3CD-C24A969ADB8F</referredKeyID>
<mandatory>true</mandatory>
<refColNames>id_remuneracion</refColNames>
<transferable>true</transferable>
<rely>false</rely>
<columnDependencyConstraintGenerateInDDL>true</columnDependencyConstraintGenerateInDDL>
</FKIndexAssociation>