<?xml version = '1.0' encoding = 'UTF-8'?>
<FKIndexAssociation class="oracle.dbtools.crest.model.design.relational.FKIndexAssociation" directorySegmentName="seg_0" id="D7D14E2D-F5AA-A7B2-2825-00A6B962AFCC" containerWithKeyObject="7F7094C9-E332-07E6-9005-441BF9CA7D1A" localFKIndex="496B7683-09FC-DB9B-8F39-5899E7D93D8D" name="ASIGNACION_BECA_BECA_FK">
<createdBy>Krlos</createdBy>
<createdTime>2025-09-05 01:44:14 UTC</createdTime>
<generatorID>CA0F6DDE-87B2-0247-BE88-1D97FE906E52</generatorID>
<ownerDesignName>EducaFuturo_relacional</ownerDesignName>
<referredTableLongName>BECA</referredTableLongName>
<deleteRule>NO ACTION</deleteRule>
<referredTableID>028B373A-CA3A-485A-D354-1804F642839A</referredTableID>
<keyObject>0B22121C-E0E3-F41D-A2DE-20E76CEC6877</keyObject>
<referredKeyID>0B22121C-E0E3-F41D-A2DE-20E76CEC6877</referredKeyID>
<mandatory>true</mandatory>
<refColNames>id_beca</refColNames>
<transferable>true</transferable>
<rely>false</rely>
<columnDependencyConstraintGenerateInDDL>true</columnDependencyConstraintGenerateInDDL>
</FKIndexAssociation>