<?xml version = '1.0' encoding = 'UTF-8'?>
<FKIndexAssociation class="oracle.dbtools.crest.model.design.relational.FKIndexAssociation" directorySegmentName="seg_0" id="DB960066-ED4C-1694-FFC0-0BA4B040F35E" containerWithKeyObject="C62BD3FD-6BF9-C258-D6DA-04BB5C171172" localFKIndex="FE38083C-F6BD-AFFE-2FD1-B53140884012" name="ARANCEL_PAGO_FK">
<createdBy>Krlos</createdBy>
<createdTime>2025-09-05 01:44:14 UTC</createdTime>
<generatorID>B8461B31-942F-64E9-5FBF-8819CD5C2334</generatorID>
<ownerDesignName>EducaFuturo_relacional</ownerDesignName>
<referredTableLongName>PAGO</referredTableLongName>
<deleteRule>NO ACTION</deleteRule>
<referredTableID>777A39CF-33E6-F942-9FA0-6903AB3527CC</referredTableID>
<keyObject>225A64E7-89FB-FCD0-F9F7-C8CD6F2709D7</keyObject>
<referredKeyID>225A64E7-89FB-FCD0-F9F7-C8CD6F2709D7</referredKeyID>
<mandatory>true</mandatory>
<refColNames>id_pago</refColNames>
<transferable>true</transferable>
<rely>false</rely>
<columnDependencyConstraintGenerateInDDL>true</columnDependencyConstraintGenerateInDDL>
</FKIndexAssociation>