<?xml version = '1.0' encoding = 'UTF-8'?>
<FKIndexAssociation class="oracle.dbtools.crest.model.design.relational.FKIndexAssociation" directorySegmentName="seg_0" id="FA2C121D-284F-1BEB-FFD5-E59C21D407B4" containerWithKeyObject="6D1DC0A9-33AA-CDDA-E2E9-6E15DE54D2C3" localFKIndex="936E240C-6BC4-65FA-0304-C4508DD5CA2C" name="CLASE_DOCENTE_FK">
<createdBy>Krlos</createdBy>
<createdTime>2025-09-05 01:44:14 UTC</createdTime>
<generatorID>CB3FB4D1-987F-0928-A1EF-B0FE496BC018</generatorID>
<ownerDesignName>EducaFuturo_relacional</ownerDesignName>
<referredTableLongName>DOCENTE</referredTableLongName>
<deleteRule>NO ACTION</deleteRule>
<referredTableID>8BEF26B9-A0DF-F897-F6D2-373BE9631768</referredTableID>
<keyObject>36626A2E-6A90-77DF-D3D7-385EDA533063</keyObject>
<referredKeyID>36626A2E-6A90-77DF-D3D7-385EDA533063</referredKeyID>
<mandatory>true</mandatory>
<refColNames>rut_docente,CONTRATO_id_contrato</refColNames>
<transferable>true</transferable>
<rely>false</rely>
<columnDependencyConstraintGenerateInDDL>true</columnDependencyConstraintGenerateInDDL>
</FKIndexAssociation>