<?xml version = '1.0' encoding = 'UTF-8'?>
<Relation class="oracle.dbtools.crest.model.design.logical.Relation" name="CLASE ASISTENCIA FK" directorySegmentName="seg_0" id="686D875E-DB3C-38D5-1021-F394C44B2280">
<createdBy>Krlos</createdBy>
<createdTime>2025-09-02 23:55:51 UTC</createdTime>
<ownerDesignName>EducaFuturo</ownerDesignName>
<engineerTo>
<item key="FA0DEE0A-B8BB-5E04-BD79-3427FC140CED" value="true"/>
</engineerTo>
<sourcePk>8E8EEB06-54B1-1C61-08ED-680AB3C2A8C3</sourcePk>
<targetPk>E8CEDA36-23B6-C9C2-25D3-A310873D8E25</targetPk>
<identifying>false</identifying>
<optionalSource>false</optionalSource>
<optionalTarget>false</optionalTarget>
<sourceCardinality>1</sourceCardinality>
<sourceEntity>C629A0CE-4C66-EEC6-6E2A-09177848ED9E</sourceEntity>
<targetCardinalityString>1</targetCardinalityString>
<targetEntity>5ADCECF9-0AE3-05B2-6F32-20CB44A4E4C9</targetEntity>
<transferable>true</transferable>
<deleteRule>NO ACTION</deleteRule>
</Relation>