<?xml version = '1.0' encoding = 'UTF-8'?>
<Relation class="oracle.dbtools.crest.model.design.logical.Relation" name="MATRICULA PERIODO ACADEMICO FK" directorySegmentName="seg_0" id="86E4D3BF-EB63-9721-14F7-C9D7C098B069">
<createdBy>Krlos</createdBy>
<createdTime>2025-09-03 00:10:04 UTC</createdTime>
<ownerDesignName>EducaFuturo</ownerDesignName>
<engineerTo>
<item key="FA0DEE0A-B8BB-5E04-BD79-3427FC140CED" value="true"/>
</engineerTo>
<sourcePk>E2E0AD1A-CF06-0E55-2E39-2242C624C66B</sourcePk>
<identifying>false</identifying>
<optionalSource>false</optionalSource>
<optionalTarget>false</optionalTarget>
<sourceCardinality>1</sourceCardinality>
<sourceEntity>A639A4A3-899B-ACEF-38C4-F3ECFC63B2D7</sourceEntity>
<targetCardinalityString>*</targetCardinalityString>
<targetEntity>F3C31D63-A416-6650-F44A-D57233273172</targetEntity>
<transferable>true</transferable>
<deleteRule>NO ACTION</deleteRule>
</Relation>