<?xml version = '1.0' encoding = 'UTF-8'?>
<Relation class="oracle.dbtools.crest.model.design.logical.Relation" name="BECA ESTUDIANTE FK" directorySegmentName="seg_0" id="90C1C553-E06C-AD40-618E-5EB9ACBBB908">
<createdBy>Krlos</createdBy>
<createdTime>2025-09-02 23:39:10 UTC</createdTime>
<ownerDesignName>EducaFuturo</ownerDesignName>
<engineerTo>
<item key="FA0DEE0A-B8BB-5E04-BD79-3427FC140CED" value="true"/>
</engineerTo>
<sourcePk>1216E37A-D570-C4C6-C255-B326B9681F6F</sourcePk>
<identifying>false</identifying>
<optionalSource>false</optionalSource>
<optionalTarget>false</optionalTarget>
<sourceCardinality>1</sourceCardinality>
<sourceEntity>54E0ED82-3FFA-FD17-1A7A-B193AC44B7ED</sourceEntity>
<targetCardinalityString>*</targetCardinalityString>
<targetEntity>FA31E9A0-14FA-9444-5161-FCC57A8E4D31</targetEntity>
<transferable>true</transferable>
<deleteRule>NO ACTION</deleteRule>
</Relation>