<?xml version = '1.0' encoding = 'UTF-8'?>
<Relation class="oracle.dbtools.crest.model.design.logical.Relation" name="ASIGNACION BECA BECA FK" directorySegmentName="seg_0" id="CA0F6DDE-87B2-0247-BE88-1D97FE906E52">
<createdBy>Krlos</createdBy>
<createdTime>2025-09-05 00:42:37 UTC</createdTime>
<ownerDesignName>EducaFuturo</ownerDesignName>
<engineerTo>
<item key="FA0DEE0A-B8BB-5E04-BD79-3427FC140CED" value="true"/>
</engineerTo>
<sourcePk>4E01E5AC-B5D1-49A6-E5AC-5723349163A1</sourcePk>
<identifying>false</identifying>
<optionalSource>false</optionalSource>
<optionalTarget>false</optionalTarget>
<sourceCardinality>1</sourceCardinality>
<sourceEntity>FA31E9A0-14FA-9444-5161-FCC57A8E4D31</sourceEntity>
<targetCardinalityString>*</targetCardinalityString>
<targetEntity>B0A71ED5-B883-E86D-AE95-1CACB9B2B926</targetEntity>
<transferable>true</transferable>
<deleteRule>NO ACTION</deleteRule>
</Relation>