<?xml version = '1.0' encoding = 'UTF-8'?>
<Relation class="oracle.dbtools.crest.model.design.logical.Relation" name="PAGO ESTUDIANTE FK" directorySegmentName="seg_0" id="CF0B6519-F79B-4ECA-C297-67BE0D97ECF8">
<createdBy>Krlos</createdBy>
<createdTime>2025-09-02 23:59:55 UTC</createdTime>
<ownerDesignName>EducaFuturo</ownerDesignName>
<engineerTo>
<item key="FA0DEE0A-B8BB-5E04-BD79-3427FC140CED" value="true"/>
</engineerTo>
<sourcePk>1216E37A-D570-C4C6-C255-B326B9681F6F</sourcePk>
<identifying>false</identifying>
<optionalSource>false</optionalSource>
<optionalTarget>false</optionalTarget>
<sourceCardinality>1</sourceCardinality>
<sourceEntity>54E0ED82-3FFA-FD17-1A7A-B193AC44B7ED</sourceEntity>
<targetCardinalityString>*</targetCardinalityString>
<targetEntity>FE5A1BE7-7508-6BAC-FD2C-9B2408F5FE03</targetEntity>
<transferable>true</transferable>
<deleteRule>NO ACTION</deleteRule>
</Relation>