<?xml version = '1.0' encoding = 'UTF-8'?>
<Relation class="oracle.dbtools.crest.model.design.logical.Relation" name="PAGO MATRICULA FK" directorySegmentName="seg_0" id="F7242B57-EAC7-EA3F-92D0-6ABD59F5FD05">
<createdBy>Krlos</createdBy>
<createdTime>2025-09-03 00:00:05 UTC</createdTime>
<ownerDesignName>EducaFuturo</ownerDesignName>
<engineerTo>
<item key="FA0DEE0A-B8BB-5E04-BD79-3427FC140CED" value="true"/>
</engineerTo>
<sourcePk>46A9706D-659F-2519-584C-6FEED9672323</sourcePk>
<targetPk>1640AB34-0E87-C9B1-9DD4-A09F73B2628E</targetPk>
<arc>AAD98059-3A7D-357E-CE3F-4B3B09F2C73C</arc>
<identifying>false</identifying>
<optionalSource>false</optionalSource>
<optionalTarget>false</optionalTarget>
<sourceCardinality>1</sourceCardinality>
<sourceEntity>FE5A1BE7-7508-6BAC-FD2C-9B2408F5FE03</sourceEntity>
<targetCardinalityString>1</targetCardinalityString>
<targetEntity>F3C31D63-A416-6650-F44A-D57233273172</targetEntity>
<transferable>true</transferable>
<deleteRule>NO ACTION</deleteRule>
</Relation>